X1,X2,X3,X4,X5
-0.6871597082600398,-0.3964169067599184,0.17073073781919113,-0.17418817919678986,0.2666951990686357
-1.122637885019208,-0.6453948458303286,-0.5242690689146032,-0.3513771703001112,0.3359524575062096
-1.2529869157173708,-1.5190409879693785,-2.3557076820952907,-0.07946790521964431,0.3844901842530817
-0.09637126710634644,0.6669914711763143,0.44815438366693355,-0.001164184883236885,0.051485932897776365
-0.6660097160662386,-1.0367602258141388,-1.7865985972915954,0.19700807030312717,-0.3136902286205441
-0.9554294013147359,-1.0949071175163212,-1.8817945592415395,0.08298153290525079,0.46080883173272014
-1.3555537516861702,-1.3708793228731548,-1.5494642295303183,-0.08462256495840847,0.3237200486473739
-0.557151169154519,0.05807236491498141,-0.07608576517160076,-0.27644108375534415,-0.4465272019151598
0.1656434280371703,-0.1434632281135791,1.1211115249728896,-0.22551725921221077,0.476580181857571
0.7943421409411535,1.1099156896052518,1.4648518926749543,0.47540159267373383,0.2892169584520161
1.0657742476159144,1.2463767793989668,1.1209462468869758,0.414618625305593,0.043562146136537194
-0.10351079509968253,0.4652310625366426,0.24875267325343584,0.1745972156058997,-0.17297821468673646
-1.6755333348808863,-1.3365708554567066,-2.4010521372198395,0.4629767944570631,0.19010478514246643
0.5495688902252438,0.8675768617547479,-0.5997117879874205,0.21795722632668912,-0.32836915901862085
2.928976019024079,2.1605718506187572,1.7536226471346317,0.16110340133309364,-0.2014617109671235
-0.2548486877872457,-0.3646636307899148,0.13045811938519758,0.1145572206005454,-0.12103080283850431
0.19196277391991892,-0.3736759834025305,-0.5429559516465341,-0.43474387284368277,-0.10754354111850262
0.40397946412833985,-0.2171040070551848,0.3216467450224927,0.1586651550605893,-0.4819387844763696
0.5942752656699443,0.9493648253947082,0.3599187767293458,-0.31041525257751346,0.300682058557868
-0.49423191692901514,-0.014283120903745311,-0.5091858455013344,0.3268922930583358,0.011330356122925878
0.8745406621319862,0.6211204792747645,1.1560758894684446,-0.3493288937024772,0.2619724355172366
-0.47196017735235185,-0.1217905764510197,-1.3632380768256103,0.44598605134524405,0.3641269786749035
0.6669617065057806,0.31365183679440367,-0.008006024078251461,0.20551072317175567,0.2231609532609582
-0.5397813108321244,-1.044237700246196,-0.9702782095614846,0.29073071479797363,-0.11243731435388327
0.08745495083698462,-0.07953062076033407,-0.5688668489552205,0.18196892202831805,-0.24630396184511483
-0.09391911360849663,-0.2036890126160614,-0.45152189082878863,0.026998746674507856,-0.14668244821950793
0.012942990276622435,-1.0204901193310394,0.1755661174654059,-0.13967767474241555,-0.08085933164693415
-0.5486642236782497,-0.7632845984882559,0.7623749293036237,0.4590808325447142,-0.00797197688370943
0.6091289630850216,-0.13121438435824112,0.47588930904852533,-0.40951096918433905,0.388465981464833
0.2528260047316078,0.46936422135133316,0.5847595509618349,0.1733421206008643,-0.4040175012778491
0.7200940161182481,0.38880123274608286,-0.8256089728963701,0.4715098459273577,-0.1269882656633854
2.4394695300142697,1.9861698400543073,1.8279196140243024,-0.2903597611002624,0.2398161245509982
0.29346004574256157,0.5790730127352586,0.45904510306528035,0.44416160765103996,0.38617623411118984
2.7585462220325225,1.6026143666952097,1.5222112953102536,0.3897762945853174,-0.10507084196433425
0.9713909211496856,1.0126541278404886,1.236972776838873,-0.434679715661332,-0.0953761728014797
0.9002624401447492,0.9907071179782434,1.385802799152852,0.12524254247546196,-0.20884566847234964
-0.6553613433093289,-0.5047786940145876,-0.11037508929294881,0.014693682314828038,0.27453906647861004
-0.6379758646457092,-0.7947805915977595,-1.138096801293286,-0.3017898197285831,0.42981021339073777
-2.1578379300915156,-1.9287070872042178,-2.0539597003625945,0.20763610932044685,0.4554787047673017
-0.14080949369112541,-0.1246440923541031,-0.3406893693419107,0.32078057853505015,-0.43677556281909347
1.9701552074571074,2.7358523912648716,0.885054514110351,0.42870361148379743,-0.13800962618552148
-0.8495094709471016,-1.4485148224954574,-1.665705689330729,-0.3648671880364418,0.344576045172289
-1.649945565778302,-1.7773605735721527,-0.4308085074317079,-0.23024460929445922,-0.34172844723798335
0.2638932094962869,0.12781066227412538,0.40362370321708174,0.34223350207321346,0.46706091426312923
-0.5554864779114433,-0.08563226365528931,-1.185711133036972,-0.19849379104562104,-0.2689928989857435
0.6088250723474699,0.8323646687400532,1.1593969865727882,-0.299151279265061,0.24686827789992094
0.6038313003483857,0.13392196544589446,1.0576231553826922,0.40376875433139503,-0.24420994170941412
-0.0211594802010881,-0.2251279942987428,-1.087432523693908,0.3354111616499722,0.19907054933719337
1.8797585305146691,1.1711389374197254,1.5455354893479893,-0.33445684844627976,0.08245617779903114
0.537203026476762,0.5432175765735296,-1.1104085400249364,0.20973480492830276,-0.4661762756295502
-1.4919027211341664,-1.5415428967855092,-1.6276377035358602,-0.3770614597015083,-0.43659969605505466
0.6502812570920515,1.1755130191896406,1.634016341218556,0.20331606292165816,-0.3682369659654796
0.5806179273523289,0.45591747523053655,-0.15945119570955502,-0.024824395775794983,-0.4796297149732709
-1.195867996270073,-0.23966166544234446,-1.5101857616303223,-0.14362297556363046,-0.0896322566550225
2.2666637174215216,2.1887755191678124,1.75185310754846,0.12305280310101807,0.09763029566965997
-1.3406101430136044,-1.5147176505683806,-1.169825578951449,-0.05664121964946389,0.27215806394815445
0.532992104247325,1.0388637688433366,0.665709146826966,0.055965672712773085,-0.45035446994006634
1.459456596398665,1.2625271984786874,0.7037889323646023,0.4846555332187563,-0.278726288350299
-1.1565062495062768,-0.40470650092751675,-0.14043089197869857,-0.22452422766946256,0.27278947667218745
-0.5482733919528202,-1.0356018587065599,-0.3834600676230441,-0.2647737313527614,-0.0691493519116193
-0.01373860266643033,0.5794758007859768,0.3470064469162971,0.2226126599125564,-0.356411061482504
-0.41550492919909515,-0.5361551401486228,-0.101383027057078,-0.21287921397015452,-0.3604302241001278
0.19963226094361813,-0.21104801679305019,-0.9492386239889942,0.10614945855922997,-0.048670416697859764
-0.15069949375075753,-0.06253597888169748,0.9235216874626047,-0.43098610267043114,0.43817140092141926
0.25208914855136477,0.23889686384832232,0.3076571824939193,-0.37457613088190556,-0.3257909722160548
0.516762705118614,-0.21977286434484145,0.9738977968423457,0.2145176709163934,-0.4609372550621629
0.5760318150967279,0.3288467591597586,-0.8820892377145297,0.058950218139216304,-0.3900980537291616
-0.47742243730133493,-0.7176083448286747,-0.39591873050482396,0.4073232705704868,0.26608547661453485
-0.028002640962247017,0.426518579431112,0.07724944074053296,-0.15332309738732874,0.38090540561825037
-0.1818471358449968,-0.24296710352345774,0.15679203178991633,0.33920573838986456,0.19784602150321007
-0.5684279570033551,-1.12786985687283,-0.5682883718144593,0.38221742142923176,-0.4950757722835988
-0.7237054812525849,-0.09774773297787478,-0.5744468812743411,0.0628470559604466,-0.023863699520006776
-1.6339098595364605,-1.9025797033552843,-1.5022422365142267,-0.09422786114737391,-0.47739465488120914
-1.5342505325283695,-1.9179121995251853,-1.213867050424626,-0.42372173722833395,0.11575373634696007
-0.4233892837712325,-0.4579408603224897,-0.28414835538690847,-0.06783319916576147,-0.08045408478938043
0.8370531819059315,0.42213612276022533,-0.24467970927091354,0.45292009343393147,-0.06620036298409104
1.376527071551377,0.5181670208577664,0.15408892182536582,-0.2201023567467928,0.3803605670109391
-2.474834547415861,-2.4647652184517446,-2.4217355658859447,-0.38147919811308384,0.25918454048223794
1.2338533040904762,1.432160283430873,0.11866817834157517,0.06983004976063967,0.42314791306853294
0.0626477555290369,-0.6781813773194888,-1.4146034567687047,0.0908720693551004,0.1310688597150147
0.2782719822034704,0.5260758852756113,1.1264650465173776,-4.7224550507962704e-4,0.05691817053593695
0.9990862100724898,1.4491626322146476,0.62807246555285,-0.041637198999524117,0.13411363074555993
0.9107634304565237,0.6395010364422395,-0.4107404914462668,0.4613274761941284,-0.3839186276309192
0.11998111326617404,-0.6083833648119655,0.06124717564147927,-0.17963958554901183,0.26719918521121144
1.9470409458962539,0.6788095006496633,0.998589606643318,0.3412426223512739,-0.1970599617343396
0.8028690236218365,0.8866473016622629,-0.10256318275430576,0.003961808048188686,0.2118040700443089
1.0185617910018165,1.2319516295492523,1.7617779232893367,0.36386567866429687,-0.4661863164510578
2.5017697481728534,2.256710127916453,1.1646688972341968,0.4363608688581735,-0.008639997569844127
0.39302061276957084,0.06692187462057192,-0.931129485074031,-0.31974512222222984,-0.4134836345911026
-0.7474799997954524,-0.6934697854812164,-1.4251425779332592,0.3449135720729828,0.10866777482442558
1.575387381425036,2.436611152253721,0.9138197975654876,0.27206492703408003,0.44563321815803647
0.3208788164472709,-0.21796843274994313,-0.30050152163768873,0.03942507621832192,0.4822695115581155
-0.10051519448494015,-0.10349450991270104,0.24978171760179962,-0.3706069269683212,-0.3260398416314274
-0.7442990093561661,-0.4953879006736672,-1.1856004496632215,0.14256197772920132,0.4356147174257785
0.3891155686003791,0.5469764499769856,0.6590579723474868,-0.08895515603944659,0.3024494512937963
0.11335850897025307,0.6766784654517144,-0.5109812010809065,0.34442152571864426,0.4454632664564997
1.7769488519101246,1.3349388665902144,0.884507269288231,0.03818396804854274,0.13361586793325841
2.288420206856782,2.467568141340789,1.784546734299194,0.08338876906782389,0.07819899963214993
-1.7587694509233853,-1.6430302591050767,-1.063367381631066,-0.25586611893959343,-0.4441903855185956
0.5551096707413673,0.5413137102797495,0.2898931073645181,-0.40273295785300434,-0.34427021723240614
0.8700052441040911,0.7973550660009627,0.7239444638605799,0.3773063225671649,-0.33668843377381563
1.4673462979868144,0.8083136276284237,-0.044475544637263886,0.4139743894338608,-0.2914692619815469
-1.3319708630670701,-1.3041662955070348,-1.9810210296257176,0.06713028764352202,0.236045642523095
-0.2562493488003625,-0.47961988271901057,-0.8644569938991666,-0.2977455803193152,-0.09313160576857626
-0.694297718928607,-0.11040422982676029,0.4110847164357371,0.16100507671944797,0.4221427608281374
-0.5070855922740958,-0.25175031370284845,0.21638009509901446,0.11182022211141884,-0.3133860176894814
-0.4666537634700687,-0.7810214624651004,0.8787319591963657,-0.3238866317551583,0.061318249674513936
-0.5241302424769126,-0.3506784211482914,-0.23278725541255732,-0.07813038933090866,0.0997984146233648
1.9686131471553354,2.123721759854953,2.049054049413087,0.2878609807230532,0.0470642875880003
0.1494906338764578,-0.5314027313144127,0.350014464146165,0.42132761562243104,-0.1843299618922174
1.338844328711714,1.243735435294297,-0.46552646955282373,-0.2887802592013031,-0.3348209282848984
-0.9093633896020319,-1.12622508112765,-0.8329129766662356,0.35370779572986066,-0.2926572684664279
-3.142393289038001,-2.8834365869331693,-2.0489939406036104,0.0028731722850352526,-0.22544072498567402
-0.6413114151460739,-0.24433873541627962,0.2793709326598149,0.48658535769209266,0.10448387102223933
0.8912730500100754,-0.18583262475940987,-0.005630467030648095,0.41547337360680103,0.0814347630366683
3.0372307847541853,3.0490150939635807,2.2630622369455153,-0.13704663841053843,0.43723659170791507
0.12041156733036601,0.12165415106543309,1.1430489534826538,-0.11137866997160017,-0.42101751337759197
0.9885166068927956,0.6119153564585884,1.1905125052565833,0.4935318019706756,0.4232186556328088
-1.2140550733490454,-1.9409498905191036,-1.1204064609436801,-0.17487912438809872,-0.0557666749227792
-1.5557235398380225,-1.078095861126863,-1.1918530870493447,-0.348936315625906,0.39018174703232944
-0.01460389447809693,0.1084983024233117,0.4181778607668607,-0.4130085713695735,0.27720649749971926
0.35383363342925045,-0.004410257093499487,0.614595132851605,-0.0344649963080883,-0.34047730057500303
0.7143276349669077,0.30005603213188614,0.810570490899158,-0.47507209051400423,0.35976174334064126
-0.22885738759619384,-0.3584912840108375,-0.32824789698479595,0.46216106694191694,0.18655230244621634
0.27828102525482545,0.5318626826659226,0.787797247227378,-0.3670483734458685,-0.012966787675395608
0.5709360257267623,0.10001417871883178,0.553584945304106,0.13283947156742215,-0.016928442288190126
0.6259201086820909,0.24363613151659663,-0.7738127823214973,-0.4117973374668509,-0.2692197812721133
-0.23639336313020953,0.43236052877947584,1.0919066227486467,0.4159828096162528,0.1789801837876439
0.004629829113627748,0.5403962446523641,-1.2353646792844744,-0.016303369542583823,0.4892624909989536
0.49038939453586095,-0.23906460662145135,1.3415553198232812,-0.32467949111014605,0.30944862635806203
0.5994416419002497,0.600587115352283,-0.3399491158676888,0.4524818644858897,0.2533148191869259
-0.8131737006417323,-0.34385136464945276,-0.5452493748002448,-0.37386550148949027,-0.10428211954422295
-0.48597452431557964,-0.8927588174787116,0.18252121928466974,0.4828407629393041,0.08906699321232736
0.6302439364173963,0.838819170341883,1.175709718733044,-0.1161876127589494,-0.1536126162391156
0.440431590882277,0.15620092441696626,0.7720127324241953,-0.2226157123222947,0.45842107525095344
-0.10703848643742006,0.7474556330008815,0.5288424819306531,-0.29939325409941375,0.15355299599468708
-1.307436481904436,-1.334542480488886,0.058020471259867534,-0.38601277908310294,-0.035608883714303374
-1.1551581318739095,-1.100130147143286,-0.3728923619946274,0.4401405181270093,-0.11001332872547209
0.3291784741030513,0.481984782848414,-0.1451443795298834,0.0986345533747226,-0.3937451345846057
1.3335599488775487,0.08704924628169598,0.5521929877882077,0.041320571443066,-0.4220599129330367
-2.164563446488418,-2.054164148237538,-2.5737256607863905,0.45630512689240277,-0.349205065285787
-2.3688448662281427,-2.679695733361867,-3.0775143214766194,0.05372614343650639,-0.0790586054790765
0.3518473440875787,0.49437641407291066,-0.6422595057950488,-0.18582380143925548,0.3308556554839015
1.2664677352128941,0.6107700819792257,1.161928711938144,0.13165347464382648,-0.0024918215349316597
-0.0822045659042161,-0.3605303257882142,-1.2425738203367858,0.481112617533654,0.45366010698489845
-1.132194793934341,-1.1848411912213568,-0.9953945036571767,-0.020675465930253267,0.08902413537725806
-0.35917861339364676,-0.7569041204214412,0.052180777424050084,-0.08071652986109257,-0.2979154859203845
-0.1860200439347549,-0.028715386744762428,0.5573276169186777,-0.13286486617289484,-0.10340382950380445
2.0408361999715177,0.7495693655292792,-0.2690597639747607,0.1661027439404279,-0.003867608727887273
-0.5601601022424676,0.08856523581162262,-0.24476068980546126,-0.4819815221708268,-0.22682639700360596
-0.35696983813691585,0.24053312209115674,1.1875385435207226,0.3603299683891237,-0.13899769098497927
1.0330400344161097,0.804214441770193,-0.18021346645854297,0.09318058076314628,0.23531962116248906
-0.43336712852340076,-0.429522879205708,0.19987080006548752,-0.04428604757413268,-0.1740652087610215
0.33407402002541897,0.29593217360593754,0.44511713275978465,0.22446117782965302,-0.038783145137131214
0.5505588822151991,0.20188155200352031,0.45058647701675203,-0.3875635352451354,-0.4718436822295189
-0.6743442706406865,-1.1841419752061004,-0.8153537163835879,0.006583039416000247,0.29482009704224765
-1.0752044509376466,-1.445122707395556,-1.9064125940042196,0.15756252990104258,0.02492635347880423
0.6739504868436432,1.2088233782687345,0.3037268017645184,0.13435094454325736,-0.16045256820507348
-0.7171583675765856,-0.7759574839676846,-0.6910922081572608,0.05121476389467716,0.15673688985407352
0.9654396358978923,0.19315071462351935,1.0207526994491585,0.4987964399624616,-0.461044626776129
-0.0017967284353794244,-0.38445522593185305,0.5825275646971889,-0.1555526105221361,0.2079260083846748
1.0687171866695895,1.4705246159257772,1.3203331815092079,-0.0586856110021472,0.48634198936633766
1.9557682818871227,1.3551415785821308,1.7779922033924147,-0.39227432920597494,-0.0514643806964159
1.1375871793794485,1.0041041350100837,1.9020432444523419,0.3700342974625528,-0.47927804104983807
-0.4434671858162864,-0.1253831557068985,1.1455050345765545,-0.3751993502955884,0.07590159168466926
0.5398030508269287,-0.6995922995774654,-0.939871329381024,0.014676887542009354,0.4654544338118285
1.3462169715632855,1.3762266626728414,0.9068405089049638,-0.4303359012119472,-0.46299610659480095
-0.11891547099095051,-0.28203913774254197,-0.23957385413908128,0.3051846500020474,-0.14809532300569117
0.5720716249701072,0.9940413482939441,1.376383621131768,0.28561269771307707,-0.402309327153489
-0.1635498819335076,0.09571406938373339,0.9377919416922104,0.15987493144348264,-0.22224921477027237
0.8313546376982293,1.2306044129900688,1.1152581265978216,0.1684338697232306,0.04361229110509157
1.4804089087952936,1.9485705292029276,0.16877848293621422,0.4812094939406961,0.18959049694240093
0.05526266896026388,-0.08803429955230913,1.0943489631922108,0.4017299497500062,0.15929287089966238
-0.8835793956388731,-0.5425613875688583,-0.18049757026675656,0.39825280057266355,-0.16511601977981627
1.9137912409476883,1.7832200510422835,2.4468079191809595,0.4514923228416592,-0.4014068031683564
0.703880756121366,1.1988764243574497,-0.267719772030793,0.3703666655346751,-0.4835898415185511
-0.06918455690516201,0.29286835312996984,0.5363284161810253,0.44980661757290363,-0.31352054001763463
1.4586332526312369,0.7006089152901155,0.5889206867809582,0.3133691232651472,0.2267545524518937
-0.10878511239816446,0.6982960344732382,0.12204908056067335,-0.4358791841659695,0.3713145551737398
1.7828283093923845,1.789010063043139,1.7605469785727252,0.444787064101547,-0.16481818561442196
0.062488951964822376,-0.154582326085075,0.13299058610891273,0.30282518500462174,0.18493256368674338
2.0210680640724674,2.5718621885804738,1.7334004464229147,0.4836110617034137,0.06031088554300368
-1.3874708542805996,-1.4255178499842,-1.9481963299384177,0.45807642792351544,0.4192517187912017
1.3353922658309016,0.7726467323564943,-0.10679460768285365,-0.2414905414916575,0.0467043723911047
-2.674433980780138,-1.7599928330460002,-3.1515805794532046,-0.23104740376584232,-0.4086734082084149
0.07435087613114744,0.2959648772635485,1.4523015136870874,-0.14665800193324685,-0.31633080379106104
0.9160664422641054,1.495790143587219,2.099552110989648,0.4899438223801553,-0.1056234105490148
0.5842367957814207,0.10229293201232703,1.2895373144101168,0.4447871136944741,0.30650381045416
0.7127689726216567,0.8408826274527487,1.7997961718189501,0.02282381826080382,0.225250513991341
0.4684057585631401,0.23780414947825737,0.21048554920751061,-0.29010347509756684,0.3004974639043212
-0.6776049701074158,-0.5641973106681526,1.1746404410177913,-0.42590994434431195,0.4706398672424257
-0.01892133589828418,0.7271300924714613,0.6736115890491533,-0.36241140752099454,0.4505637618713081
-0.9378886977355809,-1.1537568952921922,-0.6188206027934643,-0.4550360937137157,0.06470652716234326
-0.6365091629622177,-0.8451458653683299,0.2995814845449507,0.3411898650228977,-0.3127250748220831
0.06552969471876285,0.04539448176758287,1.319303700852187,-0.3488061453681439,0.08524982491508126
-1.8572661516972138,-1.69508635787623,-0.5575287747645918,-0.45539360609836876,0.3164841174148023
0.3930058026386429,0.10722804359745579,-0.056286177168188706,-0.4232800791505724,0.10950606083497405
-0.6177933674931211,-0.3000341117811421,0.23922545895558822,-0.3334160114172846,0.09865712956525385
0.33681429148311104,0.2877372998523628,0.07448362829979427,-0.43836060259491205,0.06349633471108973
0.8519158781412924,0.18267732583765198,-0.08046726921663033,-0.4195892692077905,-0.04153441824018955
0.6558541687180998,0.9542840671186177,0.6750465280437503,0.3107987225521356,0.42743056803010404
-0.772941881749691,-0.7011772552631068,-1.0464731500985043,-0.39921671128831804,0.3173108771443367
-2.0654880812123553,-1.7004128485530652,-1.3728529239413456,0.27522169100120664,0.01776845776475966
0.04042962030492653,-0.3946208057054908,-0.3611290411256243,-0.4713841157499701,-0.3409065008163452
-0.7656448297345362,-1.8348915479841545,0.017227470581757,0.21430684602819383,0.446545768994838
0.5683726752626688,1.0295421618772629,1.3109697085098895,0.02303920709528029,0.2892281145323068
0.1960807607986407,1.1665197509043828,0.7261041822178569,-0.12128873006440699,-0.15613427199423313
0.6226783136057696,-0.28140798012869067,-0.6145139870852407,0.40790256252512336,-0.4957284217234701
0.13516255435601998,0.700887098737355,0.11387259125548443,-0.08648616471327841,0.31986890616826713
0.1226426049609195,-0.04719257490798967,1.9079770512226493,0.1506056608632207,-0.4796776867005974
-0.06644453643837117,-0.4595131872630191,0.3653763049183245,0.4057245303411037,0.35584985418245196
-0.8949137318471575,-0.8978174084448308,-0.14853681188292178,-0.19874313496984541,-0.38055538991466165
0.3993908804588621,-0.19858491706733167,0.9630753092621845,0.4236189241055399,-0.4207542797084898
0.12343181151387357,0.5701549086738119,-0.0977537666767585,-0.27360000694170594,0.339320010272786
1.7510680794251268,0.9592795998123915,1.4433358243427823,-0.3956678935792297,-0.11564051825553179
1.0033945848367452,1.3041090481190205,1.5028615145656308,0.28960670810192823,0.042184652062132955
-0.9445160473488394,-1.5320513404692309,0.39207581627236443,-0.231578360311687,0.1574790512677282
-2.36290337035646,-2.0113271070534062,-0.8393034286261729,-0.09686430776491761,0.2290358634199947
1.2511958019814304,1.0172780069792593,1.155313197590366,0.25477466150186956,-0.3103192448616028
-1.9015375752031056,-1.3257676145553228,-1.0816497809784993,-0.25896022212691605,0.1989790452644229
0.8355946597182495,1.1252781087460308,1.6129792016261832,0.401169671677053,0.10271963267587125
0.37010921095185206,0.9786483740550482,-0.22039123334559418,-0.07883439608849585,-0.080206687329337
0.9048732365531115,1.041726585044747,1.9232804267272372,-0.28084171866066754,-0.2237252094782889
-0.26846522598336275,-1.0319807653622641,1.196506122538035,-0.00615774211473763,0.26584129757247865
-1.472602222012814,-2.267934070283367,-1.8665663791552563,-0.23622818593867123,0.22251032921485603
0.4151656019083628,0.13533283190687595,0.9487535757396662,0.11846488923765719,-0.46247893408872187
-0.9481619326848756,-0.757197006741283,-0.20451918768054023,-0.1673442160245031,0.2696242758538574
-0.35982764503095854,-0.33363411190215086,-0.25471479346544845,0.261339551769197,0.21300067193806171
-1.6269057558913111,-1.3087792970069956,-0.5488513325805484,-0.3355160120408982,0.2654691985808313
-0.8327031773861393,-0.2439966956257557,-0.9148788685841722,0.013530852505937219,-0.16704336903057992
2.2069211838053038,1.9200150854146218,1.1790400361836446,-0.39863419020548463,0.43003077362664044
-0.4298139645630912,-0.4224166665688147,-1.212099260450085,-0.17054666089825332,-0.1125729139894247
-0.13944906385801742,-0.0218968966809773,0.29360446349889763,-0.27726585138589144,0.48048808914609253
-0.3765586849176786,0.007046489756094945,-0.12417324646085955,-0.36909960908815265,0.3171755785588175
0.4242201014066458,-0.0737113328598003,-0.5580227180665123,-0.3877603942528367,0.22548767644912004
-0.7162488451158208,-0.565278688973412,-0.321128644704784,-0.4601199293974787,0.3571948488242924
-0.3940914790071279,-0.8301204431584212,-0.46723494067280785,-0.38727139844559133,-0.39677673391997814
-0.9183749721716801,-1.5527206065297112,-2.0919682297599675,-0.4329841542057693,0.4066885323263705
0.3602589446815857,-0.4346984428810592,-0.47970414602846206,-0.4868730567395687,-0.02337651257403195
-0.05496727972745069,-0.13738683645728322,0.6940587334412167,-0.47001097560860217,-0.21374273346737027
0.4478782571500165,-0.4619251934552019,-0.12967187147651535,0.40932607441209257,0.3669477431103587
-0.8787639310540217,-0.560446026376247,-0.1256856447506502,-0.23157659359276295,0.1872033013496548
-1.4868576822949195,-0.8768470280837994,-0.7205223793615447,0.10063842055387795,0.11693440051749349
-0.1511790058971737,-0.4543297604473454,-0.8284160149726624,0.16058585653081536,0.32258657994680107
0.6041353872524654,0.9199372187127991,1.8472638409831479,-0.45920140319503844,0.4810536839067936
0.21546390703004614,0.08984034790380346,-0.7506100505560244,0.1731153791770339,0.2881921755615622
-1.2915796168334146,-1.5353062078309927,-1.2139104612059264,-0.32453799224458635,0.4169684995431453
0.15302016287044046,0.09375159945918549,-0.5276587300104525,0.06587468623183668,-0.18843115773051977
1.2051091086767642,0.9069567777241363,1.005093886771161,0.38974926667287946,-0.4503662665374577
0.17875803367364546,0.31067781246520715,-0.7486804951792561,-0.07755352463573217,-0.3958056152332574
-0.3736174982452693,-1.077497556612699,-0.44298986672646645,-0.15493484190665185,-0.42981853778474033
-1.0696842395137631,-0.6247162526453344,1.2070391235082314,-0.4110980494879186,-0.39622971368953586
0.967831274876763,0.5575472938591488,-0.045688181591587884,0.287124736700207,0.3023229113314301
-1.0221724284614027,-0.6290037652205107,-0.4787990868698076,0.21836081519722939,0.2953560973983258
1.7397465953653972,1.4552587821090968,2.375228850954203,0.03060098714195192,-0.05296282563358545
0.5926109882271922,0.4953944030322824,0.036901810461747286,0.25211839145049453,-0.25580097478814423
-0.074303991550836307,0.30355061563465124,0.3799640245236704,-0.11993772746063769,-0.12599280918948352
-0.05396450240878403,0.7404387671124465,0.09656271227759955,-0.3671299805864692,-0.09592397627420723
0.623033500421114,0.9652987530886088,1.6680826975783376,-0.27281094738282263,0.424430480459705
1.7528769266615418,1.7088404819355487,1.6837512648580033,-0.007909579202532768,-0.16197412041947246
-0.8260723455562804,-0.7950138955550685,-0.09440118551945714,0.10663498961366713,0.43845416395924985
-1.4061860840340357,-1.2624134119070884,-1.7092778238580788,0.2211807535495609,0.17355774086900055
0.11064920680946946,-0.3659749052002763,0.3008875132584906,0.3191428929567337,-0.10670114518143237
1.9618919183885042,2.0208204237237384,1.7975827567896543,0.3417039893101901,-0.05500772222876549
0.3507993467112631,0.32196781962563636,1.4757650559874878,-0.38151178299449384,0.2952507962472737
-0.09930869058964592,-0.29869497163115466,0.6393460451288657,0.394301007501781,-0.30232388828881085
-0.06075068241948384,-0.2931632066489589,0.5703175534795745,-0.0574290428776294,-0.15299606998451054
-1.1840184704266628,-1.3032290500906814,-2.1555536342953032,0.022162233479321003,-0.17701382539235055
-0.3177280860718802,-0.3941472662289862,-1.1156632327122689,0.3548044457565993,-0.34122827532701194
0.5739719265030812,0.2551797626502395,0.08139184503364508,-0.08136468147858977,-0.34647188475355506
0.308619669123036,-0.2751642178200651,-0.6840449515373508,-0.4222625584807247,-0.21133939060382545
-0.43561013606220583,-0.703932961754977,-1.3241644382713833,0.09618947398848832,-0.08992150146514177
-1.3568375259020746,-0.6534064819590937,-0.9989963099769882,0.40377128776162863,0.18263399158604443
0.06833268828906575,0.3307922083916511,0.09108817494019567,0.23624479351565242,0.25264707556925714
-0.13533403081440312,-0.20080220250966388,0.2244289213030113,-0.028785231988877058,0.32009424758143723
0.6615230633232758,0.4271006061852143,-0.13597605949136893,-0.35122123220935464,-0.4723577059339732
-1.5792581039100864,-1.3594961648639434,-0.8327495624639365,0.3920485805720091,0.07576858485117555
-0.0709208135470426,0.34833826244562266,0.023820780506919444,-0.07774368114769459,-0.43212163471616805
-0.9654570384616421,-0.8840125022320342,0.020677072700864496,-0.2710819812491536,-0.45388866355642676
1.5460910468233977,1.240041702422211,1.4991704927616518,-0.3794152452610433,0.4062812374904752
-1.56069651745716,-2.2266751679396695,-1.1139365167003452,-0.4033273169770837,-0.2641132324934006
1.8115191362749385,0.6600155572572471,1.9805436395150005,0.2621493998449296,0.11976570985279977
-0.7237385075094882,0.2508646171250408,-1.8680329507205844,-0.11770648928359151,0.08897820068523288
-1.4610312685400637,-1.1018536095514748,-0.4462091254571934,-0.13180416729301214,0.042006718926131725
0.6818456922509519,0.6489441833969781,2.054532779483085,-0.015144485281780362,0.39692795067094266
0.1197549635953144,0.5071540645432586,0.7501131664734683,0.44893014593981206,-0.030725558288395405
-1.3768303922667444,-0.4732239754584166,-1.314722534148272,-0.1431058633606881,0.3243316069711
0.04060216102683739,-0.743695745880488,-0.8581478903325952,0.39687535469420254,0.12141635338775814
-0.2656811767428155,-0.1700491053072565,-0.8377195410546487,0.3873550733551383,0.3302691048011184
1.3675184896230426,0.7832906097501262,1.893162931361451,0.3480411779601127,0.06630838382989168
0.9137448732717556,0.6225712658844005,0.8874531673312909,-0.4513506314251572,-0.26621191017329693
-0.7644082340060914,-0.9413033555827148,-2.0339274329154646,-0.2822326875757426,0.3617883853148669
-0.10205265072812891,-0.1172024152849786,1.0389462698150904,0.16547974850982428,0.1523058593738824
-0.6869796899187068,-0.13037429903374081,-0.2204725057518725,-0.3617095435038209,-0.2526133395731449
0.024493349311251467,-0.06172795298659095,0.9710184033557874,-0.3488005017861724,0.46568847028538585
-0.5198094997942391,-0.862660273664359,-0.3028745836286743,-0.0022370286751538515,-0.03158397111110389
1.1313806865174965,0.4451760975175672,0.5176754792772236,-0.3815157706849277,-0.28033250756561756
-1.8619918565331326,-1.839058378488521,-1.6465861136492042,0.027149524772539735,0.49087976082228124
0.34773063282335853,0.8686402650846375,0.11068453851875981,0.0395258862990886,-0.18177967565134168
1.3462994532896086,0.7866437013642174,1.1056538197989254,-0.2052626523654908,0.47902142792008817
-0.5584951894372355,-1.1321791369405803,-0.5755546935447982,-0.339672266272828,0.3340293203946203
0.5335934711521967,0.2102979554206312,0.0967421909288552,-0.17436461918987334,-0.19560056272894144
0.08291808218665597,0.3448128479645217,-0.025411834492379548,-0.05781350610777736,-0.26532542589120567
-1.5626494000374322,-1.2377223343320514,-1.0552211649954302,-0.4545776932500303,-0.06586569780483842
0.8414434476569332,1.3675211379844368,-1.10115721259478,-0.21716812206432223,0.0053011649288237095
-0.02395047371842424,0.6926811814417329,0.22426071825572472,0.19609377929009497,0.18589666648767889
-1.3926895992023502,-1.658423395994877,-1.1712280546330471,0.15347117371857166,0.2727204670663923
-0.5992774611382399,-0.6250799575193045,-0.07864859864111201,0.17964145680889487,0.47030744538642466
0.287233918106178,0.026611339856795646,-0.9221886794948774,0.1796754125971347,-0.03566726832650602
-0.4135397033113444,-0.07758800707012059,0.8524249419407399,-0.384285781532526,-0.11156603321433067
-0.5717948255263686,-0.8134945395609428,-0.44930556750534695,-0.4569044029340148,0.15805055643431842
0.6723990576541262,0.5375260868536309,0.42193644023827503,0.43835293990559876,-0.04776240582577884
0.6182050100090533,0.829743242604595,-0.36856243398962685,-0.021695871837437153,0.09709677076898515
0.6716313626750265,0.056620444380224955,-0.48463057723573466,0.22752348030917346,0.2938555749133229
-0.058061633370864035,-0.4870740658123123,0.4419343931592683,-0.24120004661381245,-0.10176062397658825
1.2158735207847355,1.3229937943282883,-0.48355943954270897,0.1075675308238715,0.16488765715621412
-1.3908369502392621,-1.5508680170766833,-0.8287535257325451,0.2091461110394448,-0.14170297072269022
-0.18738348637489816,-0.19587424439607276,-1.2207888830831444,0.38447533920407295,0.19029808975756168
0.98695749170571,0.5992597887958329,1.4445196560455156,0.04956025164574385,-0.227562106680125
0.7859186485654105,1.0223750978480712,-0.1559200162509934,-0.4216440776363015,-0.22630943544209003
-0.8736847364039235,-1.2289201592561674,-0.23026381809223767,-0.4516966613009572,0.4971766851376742
0.8764207707465804,1.0980263033695947,0.12301902361801192,0.4644280846696347,0.3225296859163791
-0.9064123541608069,-0.6765055791176409,-1.0032691282639834,0.34915741183795035,-0.3322431589476764
0.1331422997381494,0.07790538635759803,-0.9180400130914749,0.038725615944713354,-0.29391016671434045
1.1363990238293145,1.3558268268757319,0.8685850197959868,0.34043015190400183,0.35569117683917284
1.2509632184892283,1.557522282500314,-0.14136878248787466,-0.396373248193413,-0.39656388596631587
0.08759363542006848,-0.0529739741166374,-1.2312716161700872,-0.045851220143958926,-0.18347395630553365
1.4564453558059203,1.4412471428512876,1.7284788684710966,-0.3577845941763371,-0.0454270385671407
-1.7901908548794288,-1.475235174898372,-1.151533468394409,-0.36272204108536243,-0.40513281198218465
1.9188762838472353,1.821823541089379,2.598782534302019,-0.2178824101574719,0.4139888610225171
1.150321230469479,0.6444702193896628,0.32030352680778995,0.4717865283600986,-0.29845036077313125
-0.22902571492379478,-0.3916869373517863,-0.6188475359607971,-0.3379589656833559,0.19550691242329776
0.2125926488426546,-0.16916967760194707,1.006574849655261,0.44198376522399485,-0.2223837913479656
-0.31764586537239975,-0.44092451845821584,0.8011445345230088,0.46783094806596637,-0.057856602827087045
0.8762057522185234,0.4127158601462103,1.240488631593654,-0.3364177760668099,0.44305125111714005
0.6103696062902815,0.7510326782235672,-0.3550324589460057,0.2795323624741286,0.4607548494823277
-0.019815024581923302,-0.4425753369276171,-0.4547155305090208,-0.03479217318817973,0.15170407318510115
-0.006324130182791987,0.18372264114605608,0.7231250741267288,0.2579666953533888,-0.4925229484215379
2.151139635503083,3.161962414573794,2.0181849377776353,0.2714210015255958,-0.23269086610525846
-0.3567495148787154,-0.8665268449445387,-0.5654161988405156,-0.0490708090364933,0.21056319517083466
2.0558727071972456,2.2235876001471624,1.4615886179645268,-0.24216310144402087,0.3348770353477448
0.5999078593377434,0.3155672604844199,-0.8939236972411411,0.07172668003477156,-0.3228255871217698
-1.3689184593875503,-0.749226975265277,-1.9055403142970255,0.3636417279485613,0.22015611501410604
-0.016932966630222923,-0.1957567930510009,1.342829952969136,-0.28783475095406175,-0.35932693164795637
0.2503048532927441,-0.297162563298333,-0.5086334822914376,-0.31973136123269796,-0.3122923346236348
1.1216821951746656,1.3768785206234273,0.6054054645200503,0.2146550037432462,0.17181633249856532
0.8609717932706146,0.18829102068533207,0.6685113572739476,-0.09599934355355799,-0.2025254548061639
2.23969068349421,2.178883867353316,1.7087662121710148,0.10741530498489738,-0.18442722130566835
0.3606208352263015,0.4531664792428074,-0.5049829222638336,-0.20613187947310507,0.23788132891058922
-0.32420986535304386,0.10796004352894839,-0.8004241369933192,-0.34862407948821783,0.25816671922802925
-0.963416914792453,-0.3514739042822104,-0.5062830053715234,0.248041927581653,0.38834312418475747
-1.709200625541079,-1.935047180228959,-1.8923153666638122,0.23694667872041464,-0.16756207449361682
-0.63917855460024,-0.27341796095500115,-0.33115597673464175,0.04766413988545537,-0.11513031902723014
-0.649241009717242,0.07825244854283797,1.433446498719033,0.13540641544386744,-0.2757776656653732
-1.0585082269654265,-0.8444744855058235,-0.4586540509566155,-0.43579276744276285,0.22572297882288694
0.19252011076169542,0.4172480124150548,0.626840369539048,0.45845167920924723,-0.04821540415287018
-0.10820714241424675,-0.561637636300923,0.1796205755636111,-0.2681617920752615,-0.39741974929347634
-0.56344375854141,-0.4383751067867099,-1.4547521043781675,0.21077790879644454,-0.3666874133050442
-0.19492722774744425,0.004221856370412599,0.165695497264362,0.10360710229724646,-0.05416452093049884
-0.12289968620655423,-0.18305590733229404,1.172459834422433,-0.14188340259715915,0.357609829865396
0.09619449634175725,0.5829301784249238,1.9211300071348065,0.47658470342867076,-0.3109179316088557
-0.8784271734688461,-1.1895534515337256,-1.1597921443525818,-0.21058902190998197,-0.36551437992602587
-1.0417054140374407,-0.594748221162308,0.07286572800098301,0.12628681911155581,0.1644276676233858
0.6096913540105404,0.2759646985188365,1.1864672084378178,0.47924581496044993,0.20039765327237546
1.5286544664962212,1.5741488823911505,1.2181939084678042,0.3644761454779655,0.48404279444366693
-2.111798298169438,-1.647466510513081,-1.8940616100773844,-0.37449511024169624,-0.22679562191478908
0.2982211771529411,0.22321178813432863,0.6471948374957348,0.39482211507856846,-0.4299809776712209
-0.07970981551360368,-0.17510084697087652,-0.11595305339202679,0.2847594618797302,-0.3158561473246664
0.31944252556735864,-0.00734520671376887,1.1106461002605204,-0.23298466741107404,0.2982293979730457
0.37013170881383173,0.8887500581935409,-0.19751766707850044,0.47216370003297925,0.0399762790184468
-0.5135294373573002,-0.5915479752667839,-0.10640351768268372,0.4734001031611115,0.32995037781074643
-0.6624740054663639,-0.7082355921186603,-1.0414245468506618,0.29059740132652223,0.2629440843593329
-0.1981512486122351,-1.1072218444950335,-1.363201855135679,-0.4569546652492136,0.25489610829390585
-0.26549351948105976,0.07234075609438911,0.9620251196399763,0.15051686693914235,-0.11748736421577632
-1.9095400346976399,-1.6883768347721233,-1.7201790019971388,-0.2446876063477248,-0.23166323802433908
-0.875081047170932,-1.567222298228588,-1.9354133538217302,-0.0174909180495888,-0.1894529068376869
-0.017784178154808483,0.05984426797810116,-1.1553556802222955,0.4856096566654742,0.033029751386493444
-1.5612663796232127,-1.0840703683505128,0.026169664827322192,-0.16912356088869274,-0.2658472186885774
1.2591225392135355,1.2954246827638907,1.2327722480448675,0.41899995505809784,0.10696722799912095
-0.8329865047030603,-1.3222863108688911,-1.3264825808990315,0.24055135971866548,0.22912058979272842
-0.7917249972672797,-1.0189438542292513,-0.7228866676581314,0.32409251295030117,-0.14527230616658926
-0.6113407062357266,-0.3486604837040782,-1.3366042271159637,0.358480310998857,-0.14768494153395295
-0.08721348958822939,-0.022823409987924384,-0.2603568850914141,-0.2709248107858002,-0.13288465794175863
0.9203141438972188,1.3026353331388973,0.4832626691001079,-0.22477544518187642,-0.19259490724653006
-0.09074273940452571,-0.08566288698909254,-0.07353505224261114,-0.3707807275932282,0.28899326804094017
0.7865096106627173,0.6100102729558784,0.596583451540033,0.300114514073357,-0.2688997939694673
0.4654255230075321,0.6837291047950895,0.2886273489840601,-0.33679107669740915,0.06781294313259423
1.801012469596658,2.07059048687664,1.2371096813012754,0.071640390669927,0.04945148970000446
-0.8775979334525075,-0.9852515007194498,0.6860935227536827,0.3149509849026799,-0.47714517335407436
0.2715055047320807,0.5939988226472411,0.15878717871665848,0.1061308013740927,0.0873195833992213
1.0469308780903037,0.3297949938521185,0.49842373258860106,-0.47311615594662726,0.42272072890773416
0.635167808539872,1.1679642336823957,0.7453801918183081,0.378199229715392,0.06163222808390856
-1.1195453500669341,-0.9745082795346562,-0.9959345583797858,0.053811824414879084,0.4499319193419069
-1.5594077639786015,-0.8740431650733551,-1.712684923152207,-0.3533814244437963,-0.2845798546914011
0.6228292900900925,0.6238368774534248,-0.5296182507637482,-0.15188173856586218,-0.4497358400840312
0.6062886944060213,0.10098196254630733,-0.11059030456432042,-0.4837265335954726,-0.2794928909279406
0.8160995735567395,1.0017115751527406,0.6745522627299646,-0.15358132333494723,0.027954696444794536
-1.0882147982388646,-1.723429157899773,-0.5614313033223988,0.3773623267188668,0.09515368356369436
-1.2136484388305457,-0.8491997837513525,-1.418181112986152,0.4467050121165812,0.18812480405904353
-0.7012211877213133,-0.882589433278061,-0.40079092324722043,0.3773331753909588,0.20492721465416253
1.555958706192635,0.7451771212615493,1.1223558532329008,-0.33897106000222266,-0.49280103645287454
-1.5225869220552466,-1.408937871679582,-0.8827392209259621,-0.19415205577388406,0.18996294983662665
0.18456525886644198,0.3152272383612789,0.704526839106351,0.38616591691970825,0.30880827317014337
0.5092430168416653,-0.12015806156239567,-0.8545331843655126,0.38174792379140854,0.15385920135304332
-2.7767704153219532,-2.420352313863175,-1.7791621434580382,0.4704356861766428,-0.26812875689938664
0.7556690790418491,-0.11737551404183044,1.1360933570075638,-0.41315076244063675,-0.2791360516566783
1.1239149986374635,1.07287868785832,1.4615509670998128,-0.30098713911138475,0.4438799531199038
0.1724252715006418,-0.27485004903581917,0.7690184737582004,-0.18874897994101048,-0.46665748790837824
-1.0983472262407852,-0.0841622619890417,0.39534154116530906,-0.47486757789738476,-0.4658336010761559
-0.9711369028450038,-0.8092133537832602,-0.36814257696580865,0.19376773666590452,0.08508495287969708
1.155662056734578,1.1300559432122124,1.794089539296112,-0.06575043871998787,-0.0956902839243412
-1.0830954936321107,-1.0813030020048693,0.009701370778525509,0.010485008591786027,-0.3404797271359712
-0.0763045393628381,-0.06130268288863405,0.001906738384859323,0.045634140726178885,0.36444333591498435
0.6099793601082532,1.6947873338903183,0.6709034738780011,-0.11166944704018533,0.1966109904460609
-0.8745438088581472,-0.21450671420893253,1.7392248422577434,-0.4175440319813788,0.467369575984776
1.0692358573096596,0.9786486079786474,0.4801717260942452,-0.01850479654967785,-0.17985099577344954
-0.6111191237244078,-0.3370358480772856,-1.7336125324076057,-0.07344832504168153,-0.20684350724332035
-1.365763734656206,-1.4127795416175783,-1.1298877989322118,0.2094107181765139,0.044374898774549365
-2.0692953683197164,-1.9909329182050644,-0.6595080837556169,0.001503031700849533,0.49064785707741976
0.8027485112539634,0.8506472821696988,0.5239542717677443,0.42223474429920316,-0.22182086505927145
0.6643977236058232,0.9344486712538455,0.9652743198914047,-0.26457413332536817,-0.35460742306895554
-1.708394622607432,-1.4204874797505127,-1.2317605556845164,0.033735670149326324,0.10893347254022956
2.089416929208558,1.533464296072128,1.6622544916421735,0.3191073399502784,-0.15257834875956178
1.8290448083001645,1.710764656260186,1.1042326066703487,0.342941653681919,0.40451687038876116
0.9753166890088732,0.4504892320422197,1.025130541156328,-0.42655076435767114,0.40717405127361417
0.26696773897308235,-0.2700121555754147,0.49233591600007687,-0.2520295239519328,-0.10844660853035748
-0.29107694669720985,-0.42566792468161363,-1.246619918112733,0.03237608331255615,-0.2561713792383671
0.8905960564766229,1.292711429709629,-0.5334142731904,0.12561224750243127,0.13649076642468572
0.6062484253064085,0.2903200080568832,-0.5784591320083082,0.4853569788392633,-0.3739976426586509
-0.06470377556407347,0.18601316482436353,-0.9217313897688708,-0.2172037549316883,-0.4255096702836454
0.7243246004661493,0.256214876470996,0.3549267777570457,-0.40447973064146936,0.41426421445794404
0.5273356263606535,1.0633610070482271,0.2609680164560292,-0.41803191998042166,0.24210633104667068
0.650533313385345,0.6710721405276845,-0.16670792559558434,0.01883743004873395,-0.20865696878172457
0.7341108851188458,0.37770606092644554,0.052923469642978005,-0.4934835974127054,-0.04301093192771077
0.9908051383726847,0.7443712922213355,0.9868783097773484,0.05524367303587496,0.18349372199736536
-0.47430401859204196,0.4418618654626715,-0.3905154669729811,0.4570068013854325,-0.4581788156647235
-0.6665348108525455,-1.2464622880431202,0.06107155679623144,-0.36740323016420007,-0.431410362245515
-1.66946808398008,-1.5759907879109543,-0.8227636150668141,-0.2430445342324674,0.25521590444259346
0.2414229948411137,0.6868804313205654,0.20870122908865713,0.4699810629244894,-0.12519521568901837
-0.0804965983008583,-0.09039564013205231,-0.4142904921424899,0.052085976116359234,0.14029748947359622
0.7450490200207158,0.7652992723064479,-0.006545212680160173,-0.39350336301140487,0.3512709781061858
0.7595971188779155,0.800577320620936,-1.2016159995099138,-0.21337188757024705,-0.32546165585517883
-1.0091050494980325,-0.8000166516172619,-1.6781915177532187,0.4291369274724275,0.2927530384622514
1.2180102358508544,1.1173895099757227,1.7613530381225162,-0.3659036906901747,-0.42395394016057253
-0.38090192061926775,-0.7457797591436133,-0.8018477376882129,-0.003160263178870082,-0.05812423909083009
0.08922865020500317,-0.06972370815277906,0.5674541189833621,0.41332343756221235,-0.307427987921983
1.7795150426747721,1.7764507441876032,2.172947894935776,-0.0634876498952508,0.04425804992206395
1.2355993965249845,0.9267574454405432,-0.4558637976655887,-0.2370781155768782,0.36465146648697555
0.5266384783487098,1.2215162653182654,0.3510707626968411,-0.47728312062099576,-0.006577614229172468
0.3874385358927692,-0.08206731322382499,0.7147110137926331,-0.19210895127616823,0.12179143028333783
-0.07932511647065113,-0.5049692419663171,-0.625712406887319,-0.37020209012553096,-0.45445670979097486
1.0974899382729157,0.6588332247836597,-0.5370034690486833,-0.4132547320332378,-0.31278997426852584
0.033811984656641286,-0.310718627084952,-0.2641945561291856,0.39002649299800396,-0.2030390512663871
-2.462219948684023,-1.9646307925435802,-1.3343788836062447,-0.12080649728886783,0.4093039680738002
0.02719074133738797,-0.00922627951442051,-0.6531559056723069,-0.3325258563272655,-0.35617542872205377
-0.2697883732165952,0.035985449866152736,-0.6216196590780211,0.31752797588706017,-0.3803538253996521
-0.1661352379682786,-0.2802139645852114,-0.8912261704137583,0.02879234473221004,0.2942992909811437
-0.593457322890329,-0.4170203099446416,-0.819175408968149,-0.10559542546980083,-0.18506647064350545
0.9726810152727573,0.6604446778090486,0.9165797546433665,0.47489720373414457,0.28121988428756595
-1.220380040135332,-0.561550291789274,-0.06872222734388839,-0.31113367015495896,-0.46521299751475453
0.0157240163721154,0.26847770755003286,0.897859939621657,0.48915805481374264,0.3951201136223972
-0.23649746566265278,-0.5066905083779726,-0.04522516528546461,0.10666744713671505,0.13055475638248026
1.6705080585794607,1.0585847586396884,0.4248562406869539,0.35031349398195744,0.007587430067360401
1.0633009951136199,1.6627648364020402,1.7686719621991756,-0.09980433341115713,0.05699420114979148
1.3224157476621667,0.9900247605372351,0.18185605045627984,-0.04647238808684051,0.2662697918713093
1.0178279447554244,1.414002484787544,0.655196675684764,-0.2672246713191271,0.30078776157461107
0.4365450005854371,0.868109176971536,-0.21875590313826937,-0.3612768871244043,0.30826628557406366
0.38636703315427534,-0.08241401529164502,0.21460227846147018,-0.08308609877713025,0.24120050785131752
0.7676865275813729,0.2260362034376877,0.5307658959582805,-0.4669780188705772,-0.2522435933351517
-0.9498547366515658,-0.6333206550092184,-0.23772164278724767,0.39148706663399935,-0.36154284910298884
-0.4243966935037501,0.05179951580750708,-0.8723381539582381,-0.045645988546311855,0.24911745847202837
1.1761705251251686,0.924326205457635,1.5350016839470195,0.09183257143013179,-0.27240659040398896
0.9109602198540667,0.5460077694352254,0.062080490206639916,0.008309194585308433,0.39355247956700623
-1.0650939602839,-1.4854641677685243,-0.45948350503888497,-0.0312447901815176,0.257634716341272
0.25421738170638375,-0.313748587282631,-0.7101728154304483,0.15554547077044845,-0.10901914490386844
0.5830040651035457,0.6739232813045168,1.2242705653612471,-0.3671650639735162,-0.30341466679237783
0.594441098636705,0.814968510956511,0.586995655758819,0.37112570367753506,-0.4734846418723464
-0.1938659628568414,-0.414496771045377,-0.7688660596158818,0.3213901463896036,-0.09158215345814824
-1.5855975035378942,-1.2470415618809112,0.9493170351145879,0.018728974973782897,0.44863982894457877
0.216237558356663,0.293376369361557,0.5876204582441862,-0.36144551122561097,-0.35653233458288014
0.6520919322992307,-0.12666157089183466,0.4834067251968408,0.38927750079892576,0.28289740765467286
-0.10785365634321913,-0.21698745208912462,-0.3197019970202746,0.4046439465600997,0.1564979401882738
-0.640278242352294,-1.5007654638088819,0.14614789269195372,0.05097615206614137,-0.42584314988926053
0.24944367932538805,0.05085516155954295,0.8110081853494295,-0.1923817361239344,0.37918970570899546
-0.5863240986675857,-0.913148244948492,-1.3927523417270242,-0.08697509951889515,-0.30128545709885657
0.901873894920866,0.8307919728583097,0.059373979094470286,-0.09041970921680331,0.3257471164688468
-1.236871747812527,-1.0892631857309483,-0.6054717516949166,-0.15755201247520745,0.2433240853715688
-0.3878818779516897,-0.08548630193801944,0.07675517697852988,0.07494687126018107,-0.16448455047793686
-0.5652011862214201,-0.19725554772059956,-0.030189140982222307,-0.0923412200063467,-0.12122410140000284
-1.7070405375203896,-1.3201436042190755,-2.0120627715009403,0.19861409766599536,0.14374021720141172
-0.08985140311592753,-1.1221904022873885,-0.29749232568849154,0.3802074119448662,-0.283667020034045
-0.772206295869339,0.1155817745310112,0.7030442315869738,0.4708047588355839,-0.45082495803944767
0.45773863345804394,-0.2840271065696563,-0.5952822401404221,0.47450962010771036,-0.15259657939895988
2.2479024472551483,1.811240443168491,1.9178091124772167,-0.2714384929277003,-0.41698420117609203
-0.7541683856185698,-1.29869506118987,0.0860785522096601,0.4466837882064283,0.4586476939730346
-1.2234780637390001,-1.1860292025493164,-0.4085883647681007,0.47763354051858187,0.101247429382056
0.9935812397295039,0.8195549212685523,0.2932557113447013,0.03895369544625282,0.3019175424706191
-0.4577995779183181,-0.6661361794187101,-0.23778413277855212,0.3826934660319239,0.3469000074546784
-0.16758726294688597,0.05077468036421273,1.4583608274776902,0.35459702159278095,-0.4881255994550884
0.5511377597928173,0.8407520637713595,-0.5292077751954278,-0.10034233890473843,-0.14551941747777164
1.1978060735855252,-1.0634797608945519,-1.653705766191706,-0.4689172892831266,0.2580802463926375
1.4817477650940418,-1.9188244810793549,-1.5999241445679218,-0.43834580830298364,-0.41389631968922913
1.4905089768581092,-1.2244826399255544,-1.0217366963624954,0.4095626606140286,-0.07220888673327863
1.8269723947159946,-1.8061686053406447,-1.754645332461223,0.06065927189774811,-0.3775367150083184
1.3657033953350037,-1.8558716238476336,-1.6671351783443242,0.4577039291616529,0.040447320556268096
-0.2495991731993854,0.12669979827478528,0.45458457921631634,2.4451021424606796,2.514113904396213
-0.31322432146407664,-0.4773499737493694,-0.2203891365788877,1.5529797828783867,1.3490522276364378
0.3282281933352351,0.4235513007733971,0.1016235405113548,1.2767330904167116,2.7168739063879332
-0.08374922047369182,-0.194500170648098,0.2813369366340339,1.7096735067430466,2.029355063010463
-0.031821074429899454,0.01715791062451899,0.4885006684344262,1.30087303756959,2.8983146288869364
0.16372658009640872,-0.3256677989847958,0.28566771768964827,2.090253116188922,1.300985531978455
0.48158928425982594,0.40975994733162224,-0.021622575586661696,2.0207867357670652,2.1531843194425906
-0.3907034802250564,0.031216471688821912,0.12484199833124876,1.2538338761295775,2.5308513762775826
0.24637658125720918,0.25420847721397877,-0.013294660486280918,2.0039174041856547,2.220713348050423
-0.44005433679558337,-0.06507933093234897,0.46863792976364493,2.1080541009263545,2.6897313671797116
0.4204780268482864,-0.259642300195992,-0.2403298814315349,2.2403093730400028,2.3403778339308685
-0.47703740443103015,0.47328843153081834,-0.3368331512901932,1.2455147720075037,2.366211266502365
0.3668344800826162,-0.04898212105035782,-0.40408024727366865,2.618019744781581,1.6156265636954812
0.14478744566440582,0.14971837680786848,-0.1959340136963874,1.7423795996845426,1.89032245174588
-0.21892225625924766,-0.18495012517087162,0.070707538863644,2.559178528815374,0.7740075267658415
0.05227386555634439,-0.06434342171996832,-0.4561610729433596,1.7440867519756815,1.733816454523627
0.3755355952307582,-0.430999762378633,-0.15236210683360696,1.7531933944288498,2.024719681090696
-0.1764582172036171,0.26468241866678,0.0651237084530294,1.9368097417619052,2.4536698565240256
-0.14171578478999436,0.4737624293193221,0.4455385587643832,1.8266474791153713,1.628372498008222
-0.11334975715726614,0.28863961319439113,0.0972863023635,1.1563200403367675,1.9181669901390483
-0.4613948140759021,-0.3354954144451767,0.36443993146531284,1.462460303004638,3.1591327053667886
-0.13600308820605278,0.30956425284966826,0.20936488965526223,1.9047795559717076,1.336720895174769
-0.49557177466340363,0.3250734149478376,0.2230794122442603,1.302663533049808,2.732148311764436
-0.19720153626985848,0.32289307191967964,0.3854499866720289,2.2917808333838225,1.900676007212644
-0.26886671991087496,0.15980397327803075,-0.32755533955059946,1.9215937184655618,1.84056417666377
-0.44819076731801033,0.2700419940520078,-0.15937234624288976,1.5658362985240015,2.796901685591629
0.47671587439253926,-0.2103138011880219,0.2592753102071583,1.7122803108278088,1.5463342147454964
0.08204525779001415,-0.0983646446838975,-0.3425028617493808,1.512752188528244,1.184780037976219
-0.272320662625134,0.41755848191678524,-0.4990786479320377,1.0192540833830965,1.5781428600341285
-0.2830056680832058,-0.01376057486049831,0.19031357811763883,2.0992304008882967,1.9332757700271384
0.28351108846254647,0.3483895182143897,0.139904870884493,1.2194542506102264,1.975671487270769
0.15944112371653318,-0.4376255648676306,-0.2692965869791806,2.092237290919531,2.6184046912553347
-0.2807442815974355,0.16137927793897688,0.14782673702575266,1.7168696364007743,1.7246950933598244
-0.3548394311219454,0.215077311033383,-0.3646749963518232,1.626635416621171,2.106011035514176
-0.3453685266431421,-0.48758700699545443,0.43803828535601497,2.091325467534792,1.7557330021562736
0.22953141434118152,0.08113244501873851,-0.4617388257756829,1.4235428427689971,2.2248945890732617
0.06312785088084638,0.13103071902878582,0.32047737087123096,1.1638068352645878,1.7036387242010291
-0.0755693179089576,0.41612767498008907,0.35799238667823374,2.889467886765707,0.9364331876242413
0.2822806315962225,0.3794934838078916,0.31984797050245106,1.4430974491103454,2.024275016685026
-0.09171073697507381,0.37180855870246887,-0.08745559421367943,2.308302057969894,1.9699270421015362
-0.3534669990185648,-0.48600983107462525,-0.4278545714914799,1.3950171316151088,2.730429573728239
0.45248500420711935,-0.1257792057003826,-0.3899680885951966,1.3519743541276585,1.8118072194978145
0.327450594631955,-0.4446697044186294,0.10710093681700528,2.3302945597924825,1.7478515416382518
0.21187652670778334,-0.231339565012604,0.031413763761520386,1.996530339398935,2.106259543020069
-0.2588154934346676,0.27652107342146337,0.18770340853370726,1.7529798779070853,1.7357790757292038
0.23617704212665558,0.07987066940404475,-0.43945886520668864,2.797953231959097,2.455449855541815
-0.20882072183303535,-0.45463200588710606,0.28262815880589187,1.9511935170273482,2.27340922434197
-0.1060938450973481,-0.3209736307617277,-0.3248942962381989,1.3250799141403418,2.021147811196105
-0.29376283031888306,-0.2265439499169588,0.3969360978808254,1.6207222465737448,2.784334011498371
0.4762283123563975,0.08884800411760807,-0.31600609654560685,1.2284217778211293,2.1905260082992117
-0.14742007269524038,-0.1591475575696677,-0.4935140928719193,1.7914859559239218,2.6092353805983843
-0.22642808710224926,-0.49341950193047523,-0.13416620530188084,1.5211964709119603,2.286581736364009
0.061187188141047955,0.173476152587682,-0.3317786322440952,2.2041245514223284,1.7297977300363327
-0.24965682090260088,-0.2521732074674219,0.20980695774778724,1.5919075909190457,2.8699803180278316
-0.11715027131140232,0.36248140898533165,0.13125636358745396,1.5940382855036217,2.2307876127968544
-0.20852321945130825,0.3982821998652071,0.28233114117756486,2.004703674461191,2.9096184272198213
-0.019471077946946025,-0.2588925794698298,-0.11288478714413941,0.7719223955300685,2.0094762431034914
0.10257471422664821,-0.3445804133079946,0.09285279386676848,2.279277199249854,2.181670323309357
-0.07731440616771579,0.4428869958501309,-0.3006567389238626,1.0572944269894027,1.2111643043891256
0.39434376801364124,0.22933223866857588,0.47353725181892514,1.951263867552357,2.1177650706105466
-0.3639289129059762,-0.3928225003182888,-0.31636967882514,2.021180591416236,1.8620555783649926
-0.10035621514543891,-0.26761051127687097,-0.46013815654441714,2.0332943427672383,1.6086335198708754
0.3631453369744122,-0.10286128427833319,0.19587980024516582,1.6131845936733202,3.0466988704641222
-0.11333005619235337,-0.2638430290389806,-0.4599872000981122,1.7496329211428814,1.557190649658765
0.3782497688662261,-0.28399428864941,-0.06453378475271165,0.9755069384812141,1.4686410147177387
0.3187936367467046,-0.46141298138536513,0.0710448722820729,1.3851176169888524,1.698466695953388
0.20383791625499725,0.143625094788149,-0.3693176540546119,1.8032023662907977,1.8868548736453574
-0.004951638402417302,-0.10595599212683737,0.0765015606302768,1.9313260433287303,1.9678453041019588
-0.1074824936222285,-0.34000032022595406,-0.22930606454610825,1.595105737693351,2.8320524610173976
0.24802805902436376,-0.012798218056559563,0.12747087585739791,2.3327475770524195,2.0247046263267197
0.34600376430898905,0.2193356496281922,-0.2905105045065284,2.055203621489432,1.903156363274912
-0.31233979063108563,-0.2611200171522796,-0.34984428994357586,1.9052731273253154,2.297316556723523
0.4450863611418754,-0.2677886341698468,-0.15044031385332346,1.792921020054441,2.1921081871805908
-0.1082974097225815,-0.4507937734015286,-0.34917117678560317,1.8871772148916268,2.3192148548848337
0.4640906658023596,0.33153612981550395,-0.4681304607074708,1.491111713136624,1.5339424346562593
-0.23843286815099418,-0.4374674931168556,-0.18311395053751767,3.179355559166563,1.8046656791461313
0.27852397062815726,0.1767104195896536,0.43465647171251476,2.2872953075639186,2.3343655511067767
0.10468648583628237,0.4380358560010791,0.3319286098703742,1.086078760916045,1.7130402168805507
0.0919754474889487,-0.4880422833375633,0.16214592102915049,1.7463759034969562,2.4213841897380606
0.45310966996476054,-0.4111638097092509,-0.0269607852678746,2.3953867448054513,1.6849552038064983
0.18087644455954432,0.33741852012462914,-0.15561665524728596,1.6845262775822931,3.0150241847552923
-0.1463109611067921,0.2549300354439765,-0.24429144151508808,2.048866904990688,2.1416386799745393
0.0749455641489476,-0.013331475667655468,-0.010341725777834654,2.388990004761964,1.4051464401252458
-0.011746192118152976,0.2599177088122815,-0.2958501782268286,0.8599776688816552,1.0424071659576206
-0.3691215175203979,-0.29247837024740875,0.09222452202811837,2.0246129210921584,2.941701370062484
0.4472899795509875,0.4120448960456997,-0.24864502623677254,2.5332848996724926,1.8520063090914796
-0.4709522519260645,-0.24701039562933147,0.073208975372836,2.0093603786350744,2.5124518364788777
0.11478349380195141,-0.3284342521801591,-0.06132538546808064,2.4632693448053944,1.7161952577952193
-0.2534850682131946,0.3654016957152635,-0.47234118869528174,2.4671599253239003,2.129198068424843
0.4612326957285404,-0.15323615004308522,-0.3912592155393213,2.122026137178191,2.2860687041994403
-0.33456383971497416,-0.3223526997026056,-0.48667777027003467,1.5584189693623862,1.1637062310831168
0.32920716027729213,-0.10708763566799462,-0.43572212429717183,2.1303406892787597,1.8215367554426427
-0.3113327247556299,-0.1451211932580918,-0.020553330425173044,2.6704789006992655,1.866166949689125
0.26555308676324785,-0.33092497545294464,0.21294334554113448,1.803649918319625,2.5186614151390785
-0.40960830240510404,-0.43643591832369566,-0.3957789798732847,1.4844065464398333,1.730272516048827
0.4354554219171405,0.400091064395383,0.4053901839070022,1.8504557561306894,1.7638645956937835
0.4692840955685824,0.4662874052301049,-0.2892380910925567,1.9275722396290622,2.0999284296480507
-0.3396096210926771,-0.147441835841164,0.2686745780520141,2.744204756718407,2.5473389705705323
0.11533776670694351,0.010122064966708422,0.43249422241933644,1.700841365641888,1.4432481995430717
0.36563331075012684,-0.3012392953969538,-0.339007883798331,1.716961105677909,1.9081270592101927
0.19167637056671083,-0.24251385685056448,-0.3783152501564473,2.2157681530183444,1.9085790443469963
0.12245374382473528,-0.04415320698171854,-0.4469693086575717,1.682683788679372,1.5307088328297864
-0.1635012172628194,0.42874643742106855,0.44712226069532335,1.349307164828713,1.7509886130169492
-0.4193619543220848,-0.04632772505283356,-0.2107900211121887,2.0213564027770947,1.8381442405320694
0.2220383973326534,0.1791909816674888,0.07566578011028469,2.3942604131820784,1.7465630919573307
-0.04552081157453358,0.21070280554704368,-0.29105160711333156,2.573818058060632,2.0638593350032717
-0.4925795183517039,-0.23011719924397767,-0.28427888453006744,3.1599705216417497,1.5438082397649655
0.31252417736686766,-0.21145697310566902,0.2810281093697995,1.4081847123976625,2.029713056041021
0.28449061629362404,-0.018576659727841616,-0.38809436396695673,1.5953618737229458,1.5248776136491782
-0.10741502628661692,-0.16971154906786978,-0.4676042404025793,2.8840526424056443,2.5060966631536012
0.4504228529985994,0.176801479421556,-0.0127627186011523,2.059842521376766,2.225388735056787
0.24127136636525393,-0.31967248558066785,-0.19162407470867038,2.0206093345675162,1.5896206543115556
0.25929602119140327,-0.27263762964867055,0.21185960969887674,2.1045374175348046,2.0652699512832378
0.04050718271173537,-0.3683150268625468,0.4227913764771074,2.6332798879200543,2.0623950922487424
-0.3410193936433643,0.10895600775256753,0.1538334428332746,1.260375294688822,2.3474401361994723
0.4689944845158607,0.14131124736741185,-0.32736998912878335,2.134913597418955,1.8096501893606232
0.14485607901588082,-0.24985441518947482,0.3660883097909391,2.1482790334898496,1.7671936633233938
0.07357983221299946,-0.40744570503011346,-0.0337698170915246,1.8078631971233057,1.6637642441623752
-0.3028925755061209,-0.057183714117854834,0.25150725920684636,1.906714935105082,1.403629223933303
-0.05965938069857657,-0.18509924900718033,-0.4880025568418205,2.0628382380675037,2.5520527368756873
0.29365686187520623,-0.11925505683757365,-0.10158842871896923,2.7234073440437507,2.615666247003887
0.45632236800156534,-0.1849388184491545,-0.07597352471202612,2.0252193443037316,1.5660564912358823
-0.14320095535367727,-0.17527341260574758,0.18313829670660198,1.8809959344904084,2.3973193984412973
-0.34296603384427726,-0.46952184312976897,-0.42889292095787823,1.7860967507648753,2.747440168718469
0.3916343478485942,0.21693385508842766,-0.1211562289390713,1.8393647904712616,1.7271888812618084
-0.22737058880738914,0.18250178289599717,-0.37910639657638967,2.122279451436531,1.870074501762482
-0.2632198620121926,-0.20823306520469487,-0.3682582953479141,2.31366731837877,1.3575930257284663
0.15707021672278643,0.21222481201402843,0.15311932424083352,2.7111750433423474,1.6640494848881484
0.28724881634116173,-0.029343611327931285,-0.23260215553455055,1.9894254099895037,2.211243038532164
0.435004047350958,-0.03650869755074382,0.49014962697401643,1.77894727958473,3.2058023584425914
0.45044297841377556,-0.13904490671120584,-0.46715682884678245,1.9060057495989435,1.8227057008673986
0.10291076684370637,-0.31949475407600403,-0.10146638844162226,2.335159257937153,1.8869646695470792
0.34727861220017076,-0.1354209310375154,-0.061779465060681105,1.6848075653880104,1.9740561783392587
0.360401532612741,-0.4129534962121397,-0.24572274088859558,2.091907261240602,1.4351412522091511
-0.2712288936600089,-0.39309974131174386,-0.34534714091569185,2.2108493128920776,1.1527343259308012
-0.27712373645044863,0.3063428206369281,0.12362394900992513,1.2508393072403101,1.8964607226611885
-0.30398633796721697,0.24890960403718054,-0.07598441326990724,1.8604293668692726,2.2456001636549012
0.1372905366588384,0.46916084038093686,-0.18744491855613887,2.1159390529526982,2.6592395107333826
-0.05155837209895253,0.23780062212608755,-0.3550833095796406,1.9665664101872513,2.2816081094043725
0.02894428838044405,-0.3715915472712368,-0.27269236207939684,1.9479221196257122,2.9124647487708626
0.07496531866490841,-0.25685996445827186,-0.08505922509357333,2.300519268634059,1.9444651072996606
-0.13777258596383035,0.4414481210988015,0.3632194232195616,1.9112942623145184,2.4932642928863262
0.25802489649504423,0.10757853463292122,-0.22417930117808282,2.0057417894119838,0.9894215905903165
0.0919238650240004,-0.17781921825371683,-0.019274344202131033,1.5607504771391651,2.4937160673358054
-0.2617748402990401,0.018223544815555215,-0.244685223326087,1.9466128956863635,1.847363721596709
0.40723829390481114,0.16411633556708694,0.2942769934888929,1.713742785511945,2.091872610755687
0.181329648476094,0.016036104876548052,-0.0030916850082576275,1.6241958799225238,2.855441305020889
0.11309249605983496,-0.07863729237578809,-0.3173931778874248,2.295919173803079,3.043488855578058
-0.23810026282444596,0.23408926953561604,0.03240339970216155,2.4061611493953667,2.33812426249153
-0.17852576659061015,0.1859068600460887,-0.4496520748361945,1.8223781243220816,2.4458201320129795
-0.2329632444307208,0.3910402422770858,-0.2897376006003469,1.7762270176982091,2.1168732687211236
-0.03454678854905069,-0.3032797898631543,0.495636256178841,1.6479380097439509,2.312588984402887
0.4275739183649421,-0.060614353977143764,0.2903625292237848,1.3042586076245795,2.8349932904579296
0.3333214547019452,0.3116092320997268,-0.33727780217304826,2.427735794473742,2.1167064487233622
0.40932397288270295,0.40918216318823397,-0.4292651889845729,2.049663011448344,1.717839132650993
0.13649376691319048,-0.3157047335989773,0.4305561021901667,1.5182902256059245,2.431211661760295
-0.48892226442694664,0.4786656911019236,0.135003145551309,1.8741568576031336,1.9171911438619595
-0.1323050600476563,0.47188246715813875,0.36635426664724946,1.380276969632741,2.95162879830489
0.06321402220055461,0.3479248753283173,0.07184388698078692,2.3887658830478338,2.4198545345317806
-0.48271047975867987,0.1572493319399655,0.12406098702922463,2.014659925593537,1.8349725940531392
-0.16052222112193704,0.05100853252224624,-0.2996481000445783,0.7628407900212419,2.7636859417354533
0.27830728190019727,-0.10933070490136743,-0.1800893610343337,2.061913301122105,1.4614262174617134
0.44645177270285785,-0.050365902949124575,-0.4675701381638646,3.244764201217298,2.4074844780091347
0.09652282809838653,0.4370951501186937,0.34586016880348325,2.5522976360191674,1.962533029909063
0.29199374141171575,-0.2687433259561658,0.22916903579607606,2.1351865341219565,1.6117209557699503
0.10648044827394187,0.34599688719026744,0.019482372095808387,2.1274659335673762,1.9357106628340306
0.4110741876065731,-0.047066434752196074,0.12918030098080635,1.2156288633021002,2.083210212666222
0.27349079004488885,-0.14087768411263824,0.06343490444123745,2.0489202226511263,1.877882872360638
0.42643867433071136,0.35328397573903203,-0.33046930632553995,1.8886436331691454,2.022557626835032
-0.3178312419913709,-0.47209878521971405,-0.3438744400627911,2.248252461620639,2.5389439345051574
0.15146113513037562,-0.34540831740014255,0.0966102231759578,2.478539187350743,2.8885764072801265
0.4720803713425994,-0.20500561059452593,-0.01167671917937696,1.8337209667163943,1.8714363908027207
-0.10976507607847452,0.2924497677013278,-0.2568470351397991,1.8396809041644957,1.7964498630725556
0.4584132735617459,-0.07115979795344174,0.22864705696702003,2.010644837367854,2.5736577945908587
0.3412832689937204,0.23399282805621624,-0.1497532434295863,1.6838451095546203,1.7437202090428356
0.4569804596249014,-0.04944304493255913,-0.04568864917382598,2.438549099088681,1.9210809716792743
-0.21810444490984082,-0.15947843762114644,-0.2580437089782208,2.4679186544309775,2.2380013671101686
0.2918009932618588,0.43015954177826643,0.4769352707080543,2.4260083471369107,1.1708244477851233
-0.4402231276035309,-0.23601280874572694,0.032105756690725684,1.688937193038464,1.6338702516508694
-0.22335634427145123,0.11020929785445333,0.3793060155585408,1.999812932984087,1.9288063629207315
-0.302756633143872,-0.456516228383407,0.32654780126176775,2.278348973358847,2.296550615320603
0.25844153366051614,-0.248634536517784,0.40622235042974353,2.3450552408581293,2.0421997832658803
-0.24602197972126305,0.1402480541728437,-0.06147438264451921,2.8386678435161183,1.9389072329072523
0.28831293946132064,0.032220322638750076,0.2590146956499666,1.6764566797845575,1.763692639306838
-0.22677897638641298,-0.33332202257588506,-0.03809403209015727,1.827106267934138,2.2968720481712652
-0.23855943605303764,4.969073925167322e-4,-0.3183008541818708,1.6580616432477657,1.531653102696135
0.26560988975688815,0.4652847680263221,0.13303670776076615,2.502495467095478,1.61574363527063
-0.3634175998158753,0.37429002043791115,0.2336797083262354,1.963470019136591,1.7928729350132013
0.22786095249466598,-0.12923266901634634,0.47396703041158617,1.200122985903734,1.9608131658459667
-0.1576268260832876,-0.49453246407210827,-0.4148165271617472,1.6437039138972134,1.761359109893193
0.006409565452486277,0.10449341800995171,0.26515463599935174,2.298613105584027,1.8033866837012247
0.11598232062533498,-0.31754020671360195,0.20262101595290005,1.6696573098363146,2.228574144126558
-0.13736564083956182,-0.10726011614315212,0.3372129984200001,1.517259253068524,2.848306618081998
0.43335469742305577,-0.0014888986479490995,-0.36200033593922853,1.8963577979904422,3.0678425152485302
0.4760138364508748,0.44063984719105065,-0.04514493444003165,1.987424185633096,1.1375490608817236
-0.17360181408002973,0.11292258719913661,0.39704769873060286,2.688240461688635,1.627677764923307
-0.20862146839499474,0.2711824618745595,-0.10072293621487916,0.7861472623090799,1.5830527777873011
-0.0016834249254316092,-0.3973068578634411,-0.004503563046455383,2.288180780242677,1.8802153145786082
0.22323266905732453,0.2438627399969846,-0.2920378891285509,1.910498522766365,1.2593837656645586
0.05016782111488283,-0.07563750096596777,-0.33713518595322967,2.0672478697692025,1.047731592996886
-0.09204882173798978,0.4222350213676691,-0.007861913181841373,-0.9361431566185978,-2.3693974311823283
-0.03061426035128534,-0.37400707066990435,0.4528664166573435,-0.7965638179693071,-1.3267023207108721
0.011688669444993138,-0.3443612055853009,-0.14940895815379918,-1.6740433361363103,-3.097950274749074
-0.14899539109319448,-0.26382378092966974,-0.4943679594434798,-1.6841812741460118,-2.7453178551510735
-0.16418086388148367,-0.03187524224631488,0.057971559232100844,-2.7213709588414976,-2.67094342362044
-0.28886232897639275,-0.17215469828806818,0.32478021550923586,-2.173820406159225,-2.475110896304051
-0.47256904328241944,-0.2784027336165309,0.4633313019294292,-0.3308356097197347,-2.165544423633868
-0.11451206845231354,0.30980404932051897,-0.020000769989565015,-1.5862509820704094,-1.6091074793522915
0.22457948233932257,-0.35530391661450267,-0.1240403049159795,-2.2825379240730816,-0.48813350510368414
0.4352950192987919,-0.02382428082637489,0.3609719523228705,-0.7328581428259628,-2.2751355092304197
-0.36296027107164264,0.04073627688921988,-0.3262631264515221,-1.4445294695992517,-2.4320994522853407
0.05359141738153994,0.2539370320737362,0.10625942959450185,-1.4045158856212674,-2.6886295239183102
-0.09525796351954341,-0.07464726967737079,0.16018572775647044,-2.236127462362903,-1.4408810034553352
0.12549079535529017,0.37058147066272795,0.13340744120068848,-2.383887388124341,-2.224843696749693
0.48116480256430805,-0.4162980248220265,-0.3843084331601858,-2.2202525262795123,-2.4021572904874846
0.0030775212217122316,-0.1808323368895799,0.031349658500403166,-1.4194603599619233,-2.012269668455473
0.15878797741606832,0.0502236601896584,0.14356576302088797,-3.0938187293124946,-0.5103213607089778
-0.005021210061386228,0.14456281322054565,0.0011140324641019106,-2.199412415130431,-2.645275093781114
-0.12179878144524992,0.15273785055615008,0.10779380006715655,-2.6302653309907824,-1.960974496302869
0.09955495805479586,-0.3060929651837796,-0.10257053142413497,-2.7361768956584163,-1.2956994010789042
-0.16721812495961785,0.44528131536208093,-0.3213592532556504,-2.882994416502897,-3.4554842680551796
0.11973549867980182,-0.08163075475022197,-0.3479537256062031,-2.9177977253255354,-2.029070515840431
0.22230429179035127,-0.1906738558318466,-0.29957589134573936,-1.9914363157969153,-2.7670261587342
-0.41002632258459926,-0.34923990024253726,0.1598523936700076,-2.310762021840306,-1.6324136245089305
-0.49941130983643234,-0.13071275455877185,-0.02914040326140821,-1.9525047664446598,-2.62775432172346
-0.1882120503578335,0.4973061403725296,0.4217481641098857,-2.045597851038954,-1.377818588877684
-0.4779774521011859,-0.05190318822860718,-0.4555548981297761,-1.2024497309912583,-1.4626947506860772
-0.013854816788807511,-0.17446344438940287,0.3396023518871516,-3.198622959433797,-1.8948152282928838
0.4055530203040689,-0.2087870540563017,0.19949584128335118,-1.8254560730800844,-1.6994307862517066
-0.3065889978315681,0.21468232665210962,0.019257033709436655,-1.2570958899093019,-1.1119030032374744
-0.10658712824806571,0.33940994646400213,0.16181311360560358,-1.9377813340412404,-2.6427791559437948
0.03288155002519488,0.13753164489753544,0.142585433088243,-2.2638981954012323,-2.0388979813218975
0.39473328087478876,0.31448193243704736,0.4446406301576644,-2.1864575399175306,-3.5845482857147735
0.089584247674793,-0.29984597209841013,-0.4994219080545008,-2.579992673154196,-1.7470925657504441
-0.31840788293629885,-0.3708391757681966,-0.16394452517852187,-2.7346992436216815,-1.1689689393773075
-0.38956306129693985,0.3956287824548781,-0.1423453399911523,-1.9776904983629344,-2.4672209524854245
0.25849860697053373,-0.25528583652339876,0.15518536837771535,-2.8280388141345063,-1.129920570352565
0.1810035528615117,0.06848393636755645,0.14898864133283496,-2.568223830919698,-1.6201452809207928
0.43895994359627366,0.45473413239233196,0.30786283500492573,-1.4935495839716681,-1.6851450483507033
0.49251159257255495,-0.3268683650530875,0.33341835462488234,-2.5148966589697164,-2.1544875143613766
-0.36142621864564717,-0.3277004058472812,-0.20413255342282355,-1.7876630358212762,-1.867784390882057
0.38870711950585246,0.4327293266542256,0.21396441315300763,-2.0517937603189784,-3.5061723512167093
-0.162234217626974,0.24513779231347144,0.3311969724018127,-2.4838943433240215,-2.7657283086917475
-0.4934541266411543,-0.40141203184612095,0.15397646580822766,-2.863711316411512,-2.571148984444171
0.012918007094413042,-0.2911838667932898,-0.23596023279242218,-1.3025687563001633,-1.6867674376537525
0.41881248774006963,0.48061552294529974,0.45359701616689563,-2.107657962815579,-1.1280968113775138
-0.03036260581575334,0.1081977894064039,-0.3934832392260432,-2.774052936705457,-0.6013650510667783
-0.3149790687020868,0.30821281764656305,0.11073716543614864,-2.481756368345403,-2.717062126131937
0.22628472838550806,-0.3060018999967724,0.1983148157596588,-2.5452230272475638,-2.664210084935435
-0.3014736275654286,-0.2538279783912003,-0.4379936393816024,-1.0378468334663291,-0.9846241869228987
-0.19974047620780766,-0.4254553148057312,-0.24978415365330875,-2.147946005507083,-2.891478244776385
0.3736388979014009,0.12624261155724525,-0.05212353286333382,-2.23258692929544,-0.8186756153542378
0.12773549766279757,-0.21926362649537623,0.0586485646199435,-1.368445708636453,-3.575438868275026
0.292149861343205,-0.36174016119912267,-0.3518345938064158,-2.2882137676946286,-2.583164763038621
-0.07247685547918081,-0.05168510205112398,-0.2870918679982424,-2.3353902214886406,-2.1031816317797443
0.3499408084899187,0.4524429754819721,-0.2189393281005323,-2.043910817264364,-2.734243507183651
0.3452205313369632,-0.2789183156564832,-0.07753664441406727,-0.746573699394925,-2.2587299293206864
-0.03385392320342362,-0.3397001263219863,0.225414376007393,-2.717714557491478,-0.6103197833012073
0.36230601579882205,-0.202733680838719,0.1536649912595749,-1.8808239336317134,-1.1170121913713484
-0.18969361274503171,0.09734369488433003,-0.18654420436359942,-1.9917575847578946,-2.6994439819172182
-0.09637882863171399,-0.15848675649613142,-0.2247549428138882,-2.364072938275013,-2.1093095197647593
-0.1548352143727243,-0.2899165735580027,-0.19119061180390418,-1.9904334781289315,-1.944672215502497
-0.3202658195514232,-0.25320304138585925,-0.2878486628178507,-1.5540264428335,-3.199901176317953
0.16136117721907794,0.2646394653711468,0.39513832447119057,-1.6535511880766545,-2.810937399298888
0.44000121601857245,-0.11831846134737134,0.3756877207197249,-0.7530706202137567,-2.5102282241118354
-0.28438977617770433,-0.17275312752462924,-0.2525031827390194,-1.790680811482758,-1.2978115706657
0.012863231357187033,0.4738622137811035,-0.39830933744087815,-2.9019207346680513,-0.7128665840426516
0.06405317923054099,0.14736116887070239,-0.417606842238456,-2.1376277447725953,-1.3608792781019652
0.17709319246932864,0.23572402517311275,0.18593057617545128,-1.1705199334125531,-1.9051675082582127
-0.3131252694875002,-0.02995458641089499,0.22682688455097377,-2.589478024971195,-3.049940247730931
0.33418566663749516,0.3563852186780423,0.37715141638182104,-0.5320305563660301,-2.775652680440743
-0.02860981086269021,0.1848278339020908,0.028637062525376678,-1.903523362878522,-1.8267377856808726
0.38700340525247157,-0.40787368128076196,-0.15324626490473747,-1.3773280612928256,-1.8328577625639293
0.4802973922342062,-0.003932498162612319,0.224150296067819,-2.1818639497502708,-1.4885719630524037
0.008135699899867177,0.22475225757807493,0.07077163038775325,-1.615980317769038,-1.5531354242108992
-0.19362447084859014,0.11467081308364868,0.4574039422441274,-3.698846749943117,-1.6987831192597107
0.18578436132520437,0.4590181524399668,-0.3779947254806757,-2.670994617909647,-2.7924060896547402
-0.15557288425043225,-0.12761612026952207,0.3050066453870386,-1.9258530857838592,-1.6867586477418686
0.03229652554728091,0.062496800906956196,0.4354396883863956,-1.5531408697331222,-2.4703194366420997
0.3604572277981788,0.4863892886787653,0.09205547161400318,-1.566467997433004,-2.631005984383624
-0.20976855442859232,0.09107082523405552,-0.2417519234586507,-2.536668624784612,-1.6058789926304962
-0.44819030654616654,0.16526244836859405,0.18268451699987054,-1.7923777068762525,-1.6204904750991762
-0.06416308041661978,-0.06896837335079908,-0.32180905994027853,-1.3925038990093852,-2.3439592929482354
0.056178397964686155,0.36967666377313435,0.1585309444926679,-2.589594171927426,-1.41372115676237
0.1860581524670124,0.0732963508926332,0.23978083673864603,-2.4189490356803804,-2.6275217059410094
-0.17162528238259256,-0.27849590918049216,0.24656334519386292,-1.627501601317309,-0.8967133494430999
-0.3064228086732328,-0.19173060124740005,-0.2694894401356578,-1.4313077929925258,-2.175794080541677
0.1596597887109965,-0.11482226895168424,-0.06616907101124525,-1.2088804128967316,-1.694264580300572
0.04277462209574878,0.02817866182886064,0.06749869231134653,-1.90449783118978,-1.905593887297399
-0.2851000891532749,-0.4764749212190509,-0.22245093574747443,-1.3027863829002535,-3.113194760802984
0.44610277144238353,-0.28135787858627737,0.2634930466301739,-1.7974328787266323,-3.104279750759858
0.3043485484085977,-0.06168834283016622,0.3856707827653736,-1.2668193799240706,-1.8837665312917307
0.14329945482313633,0.21507561346516013,-0.3607776495628059,-2.913846850280597,-2.70248678189067
0.47979708039201796,0.11666713329032063,-0.25056507950648665,-1.7875228939769834,-1.4439230271614805
0.26850876305252314,-0.46219926443882287,-0.14029912115074694,-1.3651604982089305,-2.5010285664501435
-0.10343460040166974,-0.34303475031629205,-0.16269511636346579,-1.5014500757338802,-3.966945800755726
-0.21910370280966163,-0.017553822370246053,-0.29317657090723515,-2.796337101744073,-2.637765428607599
0.03479486261494458,0.07924851216375828,0.19207999599166214,-1.970003855132981,-3.0881211868381957
0.13692236319184303,0.4860646293964237,-0.4889553557150066,-2.332380180433198,-2.1347945521416607
0.2656870416831225,-0.12231721403077245,-0.11838901019655168,-1.2832892913700658,-2.290811237413902
-0.4134380677714944,-0.3056668876670301,-0.3526806531008333,2.8466561300720263,-1.9282237572468772
-0.02022392302751541,-0.019252435071393847,0.27315694745630026,3.121360366734592,-2.9782797387719215
-0.23541646311059594,-0.08544804132543504,-0.11212728102691472,2.9003726735502657,-2.3216546363227426
0.10514778923243284,0.3962592927273363,-0.4224283916410059,3.2929481415046213,-3.3883456564958028
-0.10869949613697827,-0.02041140105575323,-0.22820938657969236,3.558828711262095,-2.6703415538467397
0.3568249400705099,-0.4797126443590969,0.44330132054165006,2.9369808046278925,-2.275933741214852
-0.2890583158005029,0.06910205143503845,0.15408040559850633,3.148434722700652,-1.435246650519686
0.2199188561644405,0.17957278550602496,0.28342896746471524,4.142167702990529,-1.5150444778079253
0.3348936450202018,-0.19363350397907197,0.4568968683015555,2.156891809810689,-1.6902414705291395
-0.41795340459793806,0.27847998682409525,0.3158867491874844,1.2583480562877976,-2.888398949993752
0.011131053557619452,-0.04300384991802275,-0.10340331750921905,5.0101578136827225,-2.3377484837507105
0.11177669442258775,-0.3119477641303092,0.019235993502661586,2.064556553887704,-2.281866701245809
0.12871047016233206,-0.06359971826896071,0.21855831728316844,2.9386742021928036,-1.6832689636480398
-0.010160729521885514,-0.29523867554962635,-0.09093118738383055,3.708910559893653,-2.263316193694046
0.04622708656825125,0.21902576414868236,-0.25058996421284974,4.2120239098837216,-2.22261981221913
-0.25238283118233085,0.08737463061697781,0.42441692505963147,2.234528615677988,-1.8075957425399891
-0.06596403033472598,-0.32498269341886044,-0.30837235250510275,3.490692621563658,-2.4072004876936113
0.11944774095900357,-0.07189139258116484,-0.2580621021334082,3.2234343483254664,-2.9294829621199687
-0.301780688110739,0.4352039957884699,-0.4654163217637688,1.7975176215731752,-0.8674712692135815
-0.007945566903799772,0.4841259226668626,0.3081618796568364,1.7647411635958907,-3.0042527919433684
-0.012080080341547728,-0.09644884103909135,0.04239198798313737,2.9943711290439143,-2.3047924902813812
-0.4117042818106711,0.21383176441304386,-0.22063353657722473,3.1655876579798865,-3.0350188122726274
0.0761052374728024,-0.429708668962121,-0.4994664147961885,1.9663872896175094,-2.2493207824765857
0.21633759583346546,0.2868059256579727,-0.36785052600316703,3.026461649142251,-2.928927244433095
-0.4966443746816367,0.016851018648594618,0.374548670835793,3.9523286495014394,-3.093155798836174
-0.2967178672552109,-0.2932516543660313,-0.3727615703828633,2.214669280479958,-1.9095373978305306
0.16630383697338402,-0.06894818274304271,0.4603253446985036,1.9318960800467404,-2.457835198124287
0.3761515156365931,-0.2790134877432138,0.48283906327560544,2.6359290112942597,-2.63861932718549
-0.45385321439243853,0.18841639114543796,0.47005613381043077,3.8498286900209973,-2.835297000518133
0.18470730655826628,0.05639246152713895,0.48332636104896665,3.883252159602545,-3.235230867308142
0.4848606993909925,0.3661359907127917,0.46393904997967184,4.272278990053431,-2.310912140419531
-0.4579573960509151,-0.17055411962792277,-0.038559004897251725,2.3960681674165376,-1.0730055045114444
0.4277837723493576,-0.13975929818116128,0.13329655304551125,2.4277586481430182,-1.4640779232608885
0.038492657942697406,0.07672218233346939,-0.18975048488937318,3.247625932969174,-3.5188541655660495
0.06460667424835265,0.250429151346907,-0.2971880647819489,2.333101591977333,-4.09697884894333
0.12707850453443825,0.19080329756252468,0.3171989012043923,4.097583953988822,-3.4574211634973717
0.30798326106742024,-0.4524813177995384,-0.0912444309797138,2.654078464013639,-2.2329141664244414
-0.3298674782272428,0.07736001629382372,-0.2645669255871326,1.9082670400185944,-1.9065340607648633
-0.0970715198200196,0.1225258493795991,-0.18745203246362507,3.8451994640647946,-1.9401245077428748
-0.17014327854849398,0.41188523173332214,-0.4514164752326906,2.5889591136269114,-3.140159354835859
-0.22265195124782622,-0.27684538369067013,-0.19141929899342358,2.131771949633587,-2.329138255431541
0.2337117011193186,-0.20307095046155155,-0.07086510257795453,3.6863188571490113,-1.2411064394211373
-0.16296683764085174,0.2433460126630962,0.41646568826399744,4.777893218930175,-4.3793076673983755
-0.09216211014427245,-0.32763921772129834,0.12292442959733307,3.7314224279506116,-3.8813729453599217
0.18426082702353597,-0.312780593521893,-0.13597529497928917,2.202518245410908,-2.993332732578102
-0.42523034196347,-0.05000984016805887,-0.4850751766934991,2.4112443661464456,-3.1879471277244416
-0.14504510164260864,-0.2370045529678464,-0.3382764891721308,2.807654875735998,-2.2330866148175885
0.352612960152328,0.1424234677106142,0.024749318370595574,2.8671348509720262,-2.4392349400970943
0.4781912164762616,-0.44995855540037155,0.31299551809206605,3.088866394339526,-3.42414160959304
-0.02229116205126047,-0.28119731205515563,0.03392032813280821,4.021931060608203,-0.6655108324330719
0.10418696352280676,-0.48646356514655054,-0.31247563613578677,3.73533032384263,-3.4146035330124214
-0.07845188421197236,-0.04693199414759874,0.0027205836959183216,3.318556483648503,-3.4407901855186123
-0.12321430095471442,-0.38244075048714876,-0.18284316244535148,2.192037936302507,-0.763638962557823
0.11925343074835837,-0.23162472620606422,-0.4087081574834883,3.3320847840251644,-2.7501776584884845
0.04905950394459069,-0.46753812045790255,0.4956222209148109,4.461206811930614,-2.604306497441211
0.3898961991071701,0.0035529702436178923,0.4891113177873194,3.577645264042843,-2.5576967153785417
-0.4062483040615916,-0.095564438495785,-0.043202049331739545,3.350950734053286,-3.0938013816323107
0.04537207982502878,0.005645304452627897,0.33457782468758523,1.6398345189630112,-2.8908867541752254
-0.238226082874462,0.08130106888711452,-0.026075001806020737,2.367029243641459,0.3303605870499875
-0.3908167739864439,-0.08817963069304824,0.2524779823143035,3.1308606561704266,-1.9314491749345577
-0.29638724005781114,-0.272009325446561,-0.4710602646227926,3.592801533243109,-3.3124461901350033
-0.06385568343102932,-0.2744847605936229,-0.4226647028699517,3.590802310145355,-2.5602021680105547
0.45332061243243515,-0.2829543955158442,-0.48036965099163353,3.2561307925916836,-3.255147414171444
0.07125965459272265,-0.3933306585531682,0.053019320126622915,2.7395456802297926,-2.750860426059313
-0.03802155749872327,0.3377844875212759,-0.3918493837118149,3.7907080393461987,-2.8670527951076483
0.025939106242731214,-0.28868462494574487,0.411282702581957,2.461740836929668,-2.9703602444843127
0.4398966508451849,0.008959896629676223,0.33013029769062996,4.2810035845689685,-2.78765038006841
-0.3296738681383431,0.04917724244296551,-0.3028726987540722,3.8996223677420954,-2.145754624895905
0.2537499428726733,0.35325678950175643,-0.29221990751102567,3.3167262837090035,-2.8859911212706417
0.007716639898717403,-0.19746282929554582,-0.3360466919839382,2.542053791344176,-3.4997805091169036
-0.39524863637052476,-0.11642462899908423,0.28615412791259587,2.6932872918218167,-3.1219760051970233
-0.14224499696865678,0.05249458295293152,-0.033032739302143455,3.171810874957594,-2.4874197525562183
0.2434541960246861,-0.3599512567743659,-0.08433718187734485,2.548352477435285,-2.6248448521172185
0.49173294473439455,-0.19016266730614007,0.35634180228225887,3.541519146817634,-3.039266476347808
0.17293735058046877,-0.20434970478527248,-0.1412590171676129,3.199759282261496,-2.8711357418334345
-0.18087459518574178,-0.28314330405555665,-0.2920741743873805,1.7653458301220988,-1.7104639059287723
0.2430528502445668,-0.40964155294932425,-0.4137947023846209,1.773329236628196,-1.4282633095770612
0.005027837352827191,-0.24891492375172675,-0.4455247491132468,2.612555586113044,-3.2220657129525425
0.009863545885309577,-0.37539433245547116,-0.25397958559915423,3.2353356737327106,-2.6847276963121693
0.4078413532115519,-0.029491756344214082,0.18315971735864878,1.4130765638209188,-3.195939161761781
-0.06064203567802906,-0.46311476081609726,0.18230437417514622,3.190208534231316,-2.7348049567572033
0.3707101184409112,-0.18008051463402808,0.0987336675170809,4.15034915389744,-2.737781388590371
0.22872227360494435,0.2830296461470425,0.008048248710110784,2.1741847606273783,-1.217157176981047
-0.1472300197929144,-0.02341274730861187,-0.2624938164371997,3.219000601762036,-2.771678005732925
0.4086440980900079,0.41983572323806584,0.21211985568515956,1.6867997672736488,-2.193871361456971
0.24152085068635643,-0.17247893242165446,0.4456635930109769,2.5572959547690886,-1.9487469545759786
-0.11457090894691646,0.0981740290299058,0.1257925999816507,3.6581884632961956,-2.4733771443606862
0.25771494512446225,0.3208654117770493,0.3662235476076603,2.5162129634217942,-2.723080363418348
0.15661599207669497,-0.012383592082187533,-0.3290539123117924,3.997149501163187,-2.824341946051261
0.005088537931442261,0.3024064088240266,0.4181720956694335,3.5813645321771492,-2.2957249398739537
0.24245907389558852,0.0449427398853004,0.03394259396009147,4.411897808524381,-2.4406575297504696
0.11541365110315382,-0.44961010362021625,0.2395705683156848,2.8306582491481445,-1.9518700967330331
0.22223234013654292,0.07267262670211494,-0.10364017402753234,3.3886437313437323,-3.428215075987634
-0.37844529934227467,-0.24734063213691115,0.24143603863194585,3.8160265812854117,-2.2939069186370005
-0.017528360709547997,-0.24744552187621593,0.008481846423819661,2.164731585584233,-1.5349295245432373
-0.05693777627311647,-0.11494066612794995,0.17228237260133028,3.119307637249085,-2.6618753140437375
0.31432695826515555,0.1547390059567988,0.4847115867305547,3.2409514428094184,-3.4591276156454978
0.16026433603838086,-0.20933406637050211,-0.23762568575330079,2.0757228124352167,-2.906441313907694
-0.12968221656046808,0.29112625354900956,0.29166336287744343,3.6783659733194396,-2.426774872719765
0.10716275405138731,0.46759113972075284,-0.48613581038080156,2.226179816118812,-2.9153871585265323
0.46863280260004103,0.1965011083520949,-0.38643246865831316,3.579039960535726,-3.02507781560173
0.04291854053735733,0.3396370785776526,0.20531286974437535,2.4920802098172286,-1.7121578086838305
-0.025622537126764655,0.19427265250124037,-0.18514518905431032,2.524225382369247,-1.8797379472378912
-0.2193561214953661,0.1580152460373938,0.2989956079982221,2.685950458570917,-1.8946829412401973
0.15510115842334926,-0.45646246522665024,-0.060442009242251515,3.6282242577954626,-2.20025563936654
-0.07894794852472842,-0.44530421984381974,-0.3617277250159532,1.6624117739227156,-3.769367708082453
0.05513704102486372,0.4096112051047385,0.26519608311355114,3.221694210478219,-2.623477946755332
-0.46997074550017715,-0.05326733831316233,0.41683388594537973,3.4536650077524316,-3.400615461537722
-0.3962374161928892,-0.017982126213610172,-0.4129096388351172,3.0952283565232945,-2.7329861022343223
-0.006083832122385502,-0.16505708522163332,-0.3746717884205282,1.9565387774825234,-2.604778603035462
0.18383407103829086,-0.4102422066498548,-0.16245933575555682,2.0950135024409806,-3.5577701888587954
-0.21174969570711255,-0.29609389626421034,-0.3449228818062693,3.387143398287631,-2.214446924770226
0.2510905098170042,-0.2126261463854462,0.08505022013559937,2.6889002400054234,-2.5581095838250403
0.37581616220995784,0.14852530066855252,-0.2623614678159356,1.8795611358756807,-2.5484963050351914
-0.029385980684310198,-0.08578345482237637,-0.06407120800577104,3.519568146181018,-2.7849955159534567
-0.3064666052814573,-0.02770518301986158,-0.40304854209534824,2.1431511952624804,-2.329523441569933
-0.0026823030784726143,0.14694733987562358,-0.2939402738120407,2.3438023682675437,-1.9954351406717339
0.1440462691243738,-0.0017447329591959715,0.16964850714430213,1.4607882719004797,-2.7706797822475484
-0.4408779456280172,-0.03694038209505379,0.26621304359287024,3.1134684954305687,-2.7042500475918727
-0.32201148150488734,0.42331848037429154,0.07363375788554549,2.1148069875257236,-2.1792605307266935
